user_id,stars,blob_polarity,review,complaints,compliments,neutral,suggestions for user,suggestion for busn,id,instance_id
tQjvFcsbpUre8zRRpK7zMw,5,0,"henry clay frick's mansion, clayton, is a must on any tour of pittsburgh",0,1,0,0,0,1,tQjvFcsbpUre8zRRpK7zMw_1
tQjvFcsbpUre8zRRpK7zMw,5,0.35,"the center's grounds include an art and car museum, working greenhouse, a great cafe, and of course, the mansion itself",0,1,0,1,1,2,tQjvFcsbpUre8zRRpK7zMw_2
tQjvFcsbpUre8zRRpK7zMw,5,0.3,you will be blown away by the woodwork in clayton--it is nothing short of amazing,0,1,0,0,1,3,tQjvFcsbpUre8zRRpK7zMw_3
tQjvFcsbpUre8zRRpK7zMw,5,0.6875,"the furnishings, decorations are also exquisite and original to the house",0,1,0,0,0,4,tQjvFcsbpUre8zRRpK7zMw_4
tQjvFcsbpUre8zRRpK7zMw,5,0.516666667,a tour of the home takes a full hour and gives you a view into the life and times of one of pittsburgh's most loved (or despised),0,0,0,0,0,5,tQjvFcsbpUre8zRRpK7zMw_5
tQjvFcsbpUre8zRRpK7zMw,5,-0.075,"if you are short on time, i would recommend prioritizing a visit to clayton and then to the other structures at the center",0,0,0,1,0,6,tQjvFcsbpUre8zRRpK7zMw_6
tQjvFcsbpUre8zRRpK7zMw,5,0,there is simply no comparison to clayton,0,1,0,0,0,7,tQjvFcsbpUre8zRRpK7zMw_7
Q3fFv_ft17OyV-NRF1iQxw,5,0,i must admit that i have never been to the frick cafe or greenhouse or whatever the surrounding buildings are,0,0,0,0,0,1,Q3fFv_ft17OyV-NRF1iQxw_1
Q3fFv_ft17OyV-NRF1iQxw,5,0,which is something i should remedy sometime in the future,0,0,0,0,0,2,Q3fFv_ft17OyV-NRF1iQxw_2
Q3fFv_ft17OyV-NRF1iQxw,5,0.25,"however, this review is for first fridays @ the frick, which takes over the grounds of 7227 reynolds street for just a couple friday nights each summer",0,0,0,0,0,3,Q3fFv_ft17OyV-NRF1iQxw_3
Q3fFv_ft17OyV-NRF1iQxw,5,0.5,these couple fridays nights have become one of my favorite pittsburgh traditions,0,1,0,0,1,4,Q3fFv_ft17OyV-NRF1iQxw_4
Q3fFv_ft17OyV-NRF1iQxw,5,0,"for summer 2014, there are three concerts happening at the frick",0,0,0,0,0,5,Q3fFv_ft17OyV-NRF1iQxw_5
Q3fFv_ft17OyV-NRF1iQxw,5,0.4,meeting of important people,0,0,0,0,0,6,Q3fFv_ft17OyV-NRF1iQxw_6
Q3fFv_ft17OyV-NRF1iQxw,5,0,"friday, june 6, 2014",0,0,0,0,0,7,Q3fFv_ft17OyV-NRF1iQxw_7
Q3fFv_ft17OyV-NRF1iQxw,5,0,7:00 PM,0,0,0,0,0,8,Q3fFv_ft17OyV-NRF1iQxw_8
Q3fFv_ft17OyV-NRF1iQxw,5,0,jerry grcevich tamburitza orchestra,0,0,0,0,0,9,Q3fFv_ft17OyV-NRF1iQxw_9
Q3fFv_ft17OyV-NRF1iQxw,5,0,"friday, august 1, 2014",0,0,0,0,0,10,Q3fFv_ft17OyV-NRF1iQxw_10
Q3fFv_ft17OyV-NRF1iQxw,5,0,7:00 PM,0,0,0,0,0,11,Q3fFv_ft17OyV-NRF1iQxw_11
Q3fFv_ft17OyV-NRF1iQxw,5,0,sean jones quartet,0,0,0,0,0,12,Q3fFv_ft17OyV-NRF1iQxw_12
Q3fFv_ft17OyV-NRF1iQxw,5,0,"friday, september 5, 2014",0,0,0,0,0,13,Q3fFv_ft17OyV-NRF1iQxw_13
Q3fFv_ft17OyV-NRF1iQxw,5,0,7:00 PM,0,0,0,0,0,14,Q3fFv_ft17OyV-NRF1iQxw_14
Q3fFv_ft17OyV-NRF1iQxw,5,-0.125,"sadly, you've already missed the first concert on june 6th but still have time to check out the other two",0,1,0,1,0,15,Q3fFv_ft17OyV-NRF1iQxw_15
Q3fFv_ft17OyV-NRF1iQxw,5,-0.1,"though they start at 7pm, i recommend arriving earlier, or at least having some people in your group arrive earlier, to save some space for everyone",0,0,0,1,0,16,Q3fFv_ft17OyV-NRF1iQxw_16
Q3fFv_ft17OyV-NRF1iQxw,5,0.5,"also, make sure to have $5 (or more) on hand to give at the entrance for the recommended donation",0,0,0,1,1,17,Q3fFv_ft17OyV-NRF1iQxw_17
Q3fFv_ft17OyV-NRF1iQxw,5,0.4,"even though the music is important (thanks to meeting of important people for putting on a great show on friday night), i think that friends and food really make this event",0,1,0,1,1,18,Q3fFv_ft17OyV-NRF1iQxw_18
Q3fFv_ft17OyV-NRF1iQxw,5,0.7,my husband and i met 8 friends and had a great time chatting and laughing and catching up on life,0,0,0,0,0,19,Q3fFv_ft17OyV-NRF1iQxw_19
Q3fFv_ft17OyV-NRF1iQxw,5,0.5,this is the sort of concert that it's ok to talk through,0,0,0,1,0,20,Q3fFv_ft17OyV-NRF1iQxw_20
Q3fFv_ft17OyV-NRF1iQxw,5,0,"then, the food -- you can't forget the food",0,1,0,1,1,21,Q3fFv_ft17OyV-NRF1iQxw_21
Q3fFv_ft17OyV-NRF1iQxw,5,0,our group had fruit and cheese and wine and spring rolls and mac & cheese and dessert and on and on,0,1,0,1,1,22,Q3fFv_ft17OyV-NRF1iQxw_22
Q3fFv_ft17OyV-NRF1iQxw,5,0.4625,having an elaborate picnic style dinner in a beautiful space while listening to music just feels like such a magical movie moment,0,0,0,1,0,23,Q3fFv_ft17OyV-NRF1iQxw_23
Q3fFv_ft17OyV-NRF1iQxw,5,-0.194444444,i'm already counting down the days to the august concert!,0,1,0,0,0,24,Q3fFv_ft17OyV-NRF1iQxw_24
mzL87ERGHol0bs1n41sgug,5,0,ben roethlisberger,0,0,0,0,0,1,mzL87ERGHol0bs1n41sgug_1
mzL87ERGHol0bs1n41sgug,5,0.25,one hot piece of man-steak,0,0,0,0,0,2,mzL87ERGHol0bs1n41sgug_2
2rOl8Io_Azq0OanJkyGd8g,5,0,a ring for each finger and a sixth for my,0,0,0,0,0,1,2rOl8Io_Azq0OanJkyGd8g_1
2rOl8Io_Azq0OanJkyGd8g,5,-0.15625,other hand!,0,0,0,0,0,2,2rOl8Io_Azq0OanJkyGd8g_2
2rOl8Io_Azq0OanJkyGd8g,5,-0.75,you're dirty!,0,0,0,0,0,3,2rOl8Io_Azq0OanJkyGd8g_3
2rOl8Io_Azq0OanJkyGd8g,5,0,go steelers!!!,0,0,0,0,0,4,2rOl8Io_Azq0OanJkyGd8g_4
bBA9130WyXrhLI8-wML_uQ,2,0,"well, it does get one from point a to point b in pittsburgh",0,0,0,0,0,1,bBA9130WyXrhLI8-wML_uQ_1
bBA9130WyXrhLI8-wML_uQ,2,-0.4,"but it's expensive, at least compared to the metro transit in minneapolis that i'm used to",1,0,0,1,1,2,bBA9130WyXrhLI8-wML_uQ_2
bBA9130WyXrhLI8-wML_uQ,2,0,"on port authority, it's $2",0,0,0,0,0,3,bBA9130WyXrhLI8-wML_uQ_3
bBA9130WyXrhLI8-wML_uQ,2,0.166666667,"25 for a ticket, and an extra $1 for a transfer (which only gets you on one more bus, not all the way to your destination if it requires a bunch of transfers",1,0,0,0,0,4,bBA9130WyXrhLI8-wML_uQ_4
bBA9130WyXrhLI8-wML_uQ,2,-0.166666667,") coming from a maximum of $3 for two and a half hours of bus rides (express bus during rush hour), port authority is steep",1,0,0,0,0,5,bBA9130WyXrhLI8-wML_uQ_5
bBA9130WyXrhLI8-wML_uQ,2,0.25,i had to grab cash a couple of different times just to make sure i could keep paying fares throughout the days,1,0,0,0,1,6,bBA9130WyXrhLI8-wML_uQ_6
bBA9130WyXrhLI8-wML_uQ,2,0,there's no day pass,1,0,0,0,1,7,bBA9130WyXrhLI8-wML_uQ_7
bBA9130WyXrhLI8-wML_uQ,2,0,boo,1,0,0,0,0,8,bBA9130WyXrhLI8-wML_uQ_8
bBA9130WyXrhLI8-wML_uQ,2,0.2,"if you're traveling a lot throughout the day, it adds up fast without some sort of pass",1,0,0,1,1,9,bBA9130WyXrhLI8-wML_uQ_9
bBA9130WyXrhLI8-wML_uQ,2,0,"also, the 28x doesn't pick up passengers coming from downtown into oakland (or drop them off in the reverse direction",1,0,0,1,1,10,bBA9130WyXrhLI8-wML_uQ_10
bBA9130WyXrhLI8-wML_uQ,2,-0.173333333,") very frustrating, especially with a megabus terminal only three blocks away from one of the stops",1,0,0,1,1,11,bBA9130WyXrhLI8-wML_uQ_11
bBA9130WyXrhLI8-wML_uQ,2,0,"(there's also greyhound and amtrak downtown, if i remember correctly",0,0,0,1,0,12,bBA9130WyXrhLI8-wML_uQ_12
hfd-nVimG_FmIbox9IrRvg,5,0.425,this church is absolutely beautiful both from the inside and outside,0,1,0,0,1,1,hfd-nVimG_FmIbox9IrRvg_1
hfd-nVimG_FmIbox9IrRvg,5,-0.5,stumbled across this by chance when i took a wrong turn and visited it to seek solace when a friend passed away,0,0,0,0,0,2,hfd-nVimG_FmIbox9IrRvg_2
hfd-nVimG_FmIbox9IrRvg,5,0.85,beautiful interiors with stain glass and candles,0,1,0,1,1,3,hfd-nVimG_FmIbox9IrRvg_3
hfd-nVimG_FmIbox9IrRvg,5,0.225,it has a peaceful aura that really comforted me,0,1,0,1,1,4,hfd-nVimG_FmIbox9IrRvg_4
hfd-nVimG_FmIbox9IrRvg,5,0.4625,"it's beautiful and lit up at the night, and opposite the church are stunning views of the grand city of pittsburgh",0,1,0,1,1,5,hfd-nVimG_FmIbox9IrRvg_5
6MQjQ3jfCUUxItIvKadJsw,5,0.168181818,i work in downtown and live very close to this library too,0,0,0,0,0,1,6MQjQ3jfCUUxItIvKadJsw_1
6MQjQ3jfCUUxItIvKadJsw,5,0,this library sometimes is my home away from home,0,1,0,0,0,2,6MQjQ3jfCUUxItIvKadJsw_2
6MQjQ3jfCUUxItIvKadJsw,5,0.5,this is a cute medium size library,0,1,0,0,0,3,6MQjQ3jfCUUxItIvKadJsw_3
6MQjQ3jfCUUxItIvKadJsw,5,0,some of the employees go beyond the excellence level in assisting me,0,1,0,0,0,4,6MQjQ3jfCUUxItIvKadJsw_4
6MQjQ3jfCUUxItIvKadJsw,5,0.5,i have more interaction with the employees are the front desk,0,0,0,0,0,5,6MQjQ3jfCUUxItIvKadJsw_5
6MQjQ3jfCUUxItIvKadJsw,5,-0.25,often when i am having a bad day - i often will wait or really hope that,0,0,0,0,0,6,6MQjQ3jfCUUxItIvKadJsw_6
6MQjQ3jfCUUxItIvKadJsw,5,0.166666667,one particular lady will help me,0,0,0,0,0,7,6MQjQ3jfCUUxItIvKadJsw_7
6MQjQ3jfCUUxItIvKadJsw,5,0,i cannot remember her name but she is,0,0,0,0,0,8,6MQjQ3jfCUUxItIvKadJsw_8
6MQjQ3jfCUUxItIvKadJsw,5,-0.079166667,the short lady with short dark brown / black hair,0,0,0,0,0,9,6MQjQ3jfCUUxItIvKadJsw_9
6MQjQ3jfCUUxItIvKadJsw,5,0.3375,she always greets everybody with a friendly smile and is always helpful,0,1,0,0,0,10,6MQjQ3jfCUUxItIvKadJsw_10
6MQjQ3jfCUUxItIvKadJsw,5,0,"if nobody is waiting in-line, we will have about a 30 - 60 second chat",0,0,0,0,0,11,6MQjQ3jfCUUxItIvKadJsw_11
6MQjQ3jfCUUxItIvKadJsw,5,0,whenever i have a stressful day at work or just with my family - just her,0,0,0,0,0,12,6MQjQ3jfCUUxItIvKadJsw_12
6MQjQ3jfCUUxItIvKadJsw,5,0.25,greeting is enough to make me feel better,0,1,0,0,0,13,6MQjQ3jfCUUxItIvKadJsw_13
6MQjQ3jfCUUxItIvKadJsw,5,-0.125,i also like this library and the other branches so you can pick up any item without,0,1,0,1,0,14,6MQjQ3jfCUUxItIvKadJsw_14
6MQjQ3jfCUUxItIvKadJsw,5,0,traveling from one branch to another,0,0,0,0,0,15,6MQjQ3jfCUUxItIvKadJsw_15
6MQjQ3jfCUUxItIvKadJsw,5,-0.4,i got tired of doing that and it was this,0,0,0,0,0,16,6MQjQ3jfCUUxItIvKadJsw_16
6MQjQ3jfCUUxItIvKadJsw,5,-0.125,lady that explained they can get the book from other branches without my traveling,0,0,0,0,0,17,6MQjQ3jfCUUxItIvKadJsw_17
6MQjQ3jfCUUxItIvKadJsw,5,0,she told me this a couple of years ago and i definitely have been taking an advantage of,0,0,0,0,0,18,6MQjQ3jfCUUxItIvKadJsw_18
6MQjQ3jfCUUxItIvKadJsw,5,0,this,0,0,0,0,0,19,6MQjQ3jfCUUxItIvKadJsw_19
6MQjQ3jfCUUxItIvKadJsw,5,0.1,if i have to say something negative about this branch is - i don't like it when two or more,1,0,0,0,0,20,6MQjQ3jfCUUxItIvKadJsw_20
6MQjQ3jfCUUxItIvKadJsw,5,0,people hover around one computer - especially the one that i am sitting next to,1,0,0,1,1,21,6MQjQ3jfCUUxItIvKadJsw_21
6MQjQ3jfCUUxItIvKadJsw,5,-0.133928571,though it is not right for the other patrons too,0,0,0,0,0,22,6MQjQ3jfCUUxItIvKadJsw_22
6MQjQ3jfCUUxItIvKadJsw,5,-0.058333333,i generally sit downstairs since there is often less traffic there,0,0,0,1,0,23,6MQjQ3jfCUUxItIvKadJsw_23
9HCfCmd0t5GErgm7He6AeQ,4,0,mike feinberg is the go to place for not only all your steeler needs but for all your party needs as well,0,1,0,1,0,1,9HCfCmd0t5GErgm7He6AeQ_1
9HCfCmd0t5GErgm7He6AeQ,4,0.103333333,"whether you need those last minute stocking stuffers, celebrating a bridal shower, or a party in general, mike feinberg has it and all at very reasonable prices to boot",0,1,0,1,0,2,9HCfCmd0t5GErgm7He6AeQ_2
9HCfCmd0t5GErgm7He6AeQ,4,0.2,the place today was flooded with steeler fans since we have a late home game today out for the latest and greatest of our team,0,0,0,1,0,3,9HCfCmd0t5GErgm7He6AeQ_3
9HCfCmd0t5GErgm7He6AeQ,4,0,others were they getting last minute holiday gifts,0,0,0,1,0,4,9HCfCmd0t5GErgm7He6AeQ_4
9HCfCmd0t5GErgm7He6AeQ,4,0.1,i just browsed since i had already completely my shopping but wanted to get an idea of what they had,0,0,0,0,0,5,9HCfCmd0t5GErgm7He6AeQ_5
9HCfCmd0t5GErgm7He6AeQ,4,0.333333333,yes parking will be a problem but they are centrally located in the middle of some of the best shoppes and eateries along the strip,1,0,0,1,1,6,9HCfCmd0t5GErgm7He6AeQ_6
9HCfCmd0t5GErgm7He6AeQ,4,0,check them out if you get a chance!,0,1,0,1,0,7,9HCfCmd0t5GErgm7He6AeQ_7
iTmWHtltCtk0Gm55AOxrUA,4,0,"my husband and i have used amtrak to get from pittsburgh to chicago and we have also used it to get to altoona, lancaster, and harrisburg, pa",0,0,0,1,0,1,iTmWHtltCtk0Gm55AOxrUA_1
iTmWHtltCtk0Gm55AOxrUA,4,-0.066666667,we like using it to get to chicago because the schedule isn't that bad--it leaves late at night an arrives early the next morning,0,1,0,0,1,2,iTmWHtltCtk0Gm55AOxrUA_2
iTmWHtltCtk0Gm55AOxrUA,4,0,we always get the sleeper car,0,0,0,1,0,3,iTmWHtltCtk0Gm55AOxrUA_3
iTmWHtltCtk0Gm55AOxrUA,4,0.177777778,"when amtrak is on time, or if it's less than say an hour late, it can be wonderful",0,1,0,0,1,4,iTmWHtltCtk0Gm55AOxrUA_4
iTmWHtltCtk0Gm55AOxrUA,4,0.6,the problem is that amtrak is at the mercy of the freight railroads that own the tracks,1,0,0,0,0,5,iTmWHtltCtk0Gm55AOxrUA_5
iTmWHtltCtk0Gm55AOxrUA,4,-0.10625,"last year, according to my husband the train enthusiast, the train was constantly arriving into chicago 4 to 5 hours late because of extreme frieght train congestion",1,0,0,0,0,6,iTmWHtltCtk0Gm55AOxrUA_6
iTmWHtltCtk0Gm55AOxrUA,4,0.5,"we avoided it then, but since then the company that owns the tracks has gotten its act together and its been much better",0,1,0,1,0,7,iTmWHtltCtk0Gm55AOxrUA_7
iTmWHtltCtk0Gm55AOxrUA,4,0.6,it's also nice that your food travels with you and you can get up and stretch your legs when you want to,0,1,0,0,0,8,iTmWHtltCtk0Gm55AOxrUA_8
iTmWHtltCtk0Gm55AOxrUA,4,0,amtrak used to run two trains a day to chicago and two across pennsylvania,0,1,0,0,0,9,iTmWHtltCtk0Gm55AOxrUA_9
iTmWHtltCtk0Gm55AOxrUA,4,-0.288888889,"unfortunately, budget cuts a few years ago caused one of these to be cancelled, so it is much less convenient",1,0,0,1,0,10,iTmWHtltCtk0Gm55AOxrUA_10
iTmWHtltCtk0Gm55AOxrUA,4,0,"also, the train to washington, dc leaves pittsburgh in the wee hours of the morning",0,0,0,1,0,11,iTmWHtltCtk0Gm55AOxrUA_11
iTmWHtltCtk0Gm55AOxrUA,4,0,"one thing i like is that amtrak, upon 24 hours notice, will provide refridgeration or ice for my insulin",0,1,0,1,0,12,iTmWHtltCtk0Gm55AOxrUA_12
iTmWHtltCtk0Gm55AOxrUA,4,0.169047619,"if you are a ""special needs"" traveller, they can usually accomodate you with advanced notice",0,0,0,1,0,13,iTmWHtltCtk0Gm55AOxrUA_13
iTmWHtltCtk0Gm55AOxrUA,4,-0.125,one other tip,0,0,0,0,0,14,iTmWHtltCtk0Gm55AOxrUA_14
iTmWHtltCtk0Gm55AOxrUA,4,0,"if you are using amtrak, you can actually check your trains' on-time record using the website",0,0,0,1,0,15,iTmWHtltCtk0Gm55AOxrUA_15
iTmWHtltCtk0Gm55AOxrUA,4,0.7,you can see which trains have good on-time records and which don't (and believe my husband when he says it varies from route to route),0,0,0,1,0,16,iTmWHtltCtk0Gm55AOxrUA_16
iTmWHtltCtk0Gm55AOxrUA,4,0,you should also always call amtrak's number 1-800-usa-rail before you head out to the train station to check whether or not it will be on time,0,0,0,1,0,17,iTmWHtltCtk0Gm55AOxrUA_17
4cW3iQW6JD1C8VxYP0eyXg,5,0,"usps, fedex and ups services all in one place! they'll even do the packing for you, if needed",0,1,0,1,0,1,4cW3iQW6JD1C8VxYP0eyXg_1
4cW3iQW6JD1C8VxYP0eyXg,5,0.522222222,super convenient and waaay more pleasant than the east liberty post office,0,1,0,1,0,2,4cW3iQW6JD1C8VxYP0eyXg_2
4cW3iQW6JD1C8VxYP0eyXg,5,0.1,"i often leave with a feeling of nostalgia for old fashioned family business', something i'll never get from the kids at the fedex counter",0,0,0,0,0,3,4cW3iQW6JD1C8VxYP0eyXg_3
4cW3iQW6JD1C8VxYP0eyXg,5,0.266666667,"even so, i wouldn't go out of my way to spend extra to ship from a & a, but it's great when you're in the neighborhood and/or need to ship from multiple carriers",0,0,0,1,0,4,4cW3iQW6JD1C8VxYP0eyXg_4
4cW3iQW6JD1C8VxYP0eyXg,5,0.333333333,and it's usually a quick stop,0,1,0,1,0,5,4cW3iQW6JD1C8VxYP0eyXg_5
4cW3iQW6JD1C8VxYP0eyXg,5,0,they've even come to pick up some unwieldy boxes from my workplace to send out,0,1,0,1,0,6,4cW3iQW6JD1C8VxYP0eyXg_6
4cW3iQW6JD1C8VxYP0eyXg,5,0,a+!,0,0,0,0,0,7,4cW3iQW6JD1C8VxYP0eyXg_7
93rkBOyASqzxtJ1FIAavIA,4,0,i just got back from christmas at latta plantation,0,0,0,0,0,1,93rkBOyASqzxtJ1FIAavIA_1
93rkBOyASqzxtJ1FIAavIA,4,0,i took my 12-year-old twin boys,0,0,,0,0,2,93rkBOyASqzxtJ1FIAavIA_2
93rkBOyASqzxtJ1FIAavIA,4,-0.0375,"we toured the small nature center first (minor point if interest), and then paid our $17 to see the plantation",1,0,0,1,0,3,93rkBOyASqzxtJ1FIAavIA_3
93rkBOyASqzxtJ1FIAavIA,4,-0.1,the visitor center had a movie running in the exhibit area that lasted over an hour,1,0,0,0,0,4,93rkBOyASqzxtJ1FIAavIA_4
93rkBOyASqzxtJ1FIAavIA,4,0.4,"it was about harriet tubman helping free the slaves, and had a christmas theme",1,0,0,0,0,5,93rkBOyASqzxtJ1FIAavIA_5
93rkBOyASqzxtJ1FIAavIA,4,0,we caught parts of it on the way in and out,0,0,0,0,0,6,93rkBOyASqzxtJ1FIAavIA_6
93rkBOyASqzxtJ1FIAavIA,4,0.2,it was really a bit slooow for this sort of place,1,0,0,0,1,7,93rkBOyASqzxtJ1FIAavIA_7
93rkBOyASqzxtJ1FIAavIA,4,-0.075,"the visitor center exhibits explain a lot about the folks who lived there a long time ago, and they display some of their relics",0,0,0,0,0,8,93rkBOyASqzxtJ1FIAavIA_8
93rkBOyASqzxtJ1FIAavIA,4,0.25,"you can also grab some refreshments and souvenirs, if interested",0,0,0,0,0,9,93rkBOyASqzxtJ1FIAavIA_9
93rkBOyASqzxtJ1FIAavIA,4,0.107142857,"the large house is fully decorated, and we took a tour that showed us how folks lived back then",0,0,0,0,0,10,93rkBOyASqzxtJ1FIAavIA_10
93rkBOyASqzxtJ1FIAavIA,4,0.104166667,"it was moderately elegant, but life was still hard",0,0,0,0,0,11,93rkBOyASqzxtJ1FIAavIA_11
93rkBOyASqzxtJ1FIAavIA,4,0,"there was a weaver working upstairs, and museum workers in each room showed us some of the features of the house",0,0,0,0,0,12,93rkBOyASqzxtJ1FIAavIA_12
93rkBOyASqzxtJ1FIAavIA,4,0,"a kitchen out back was fully functional, with a demonstration of brick fireplace cooking going on",0,0,0,0,0,13,93rkBOyASqzxtJ1FIAavIA_13
93rkBOyASqzxtJ1FIAavIA,4,0,"there are sheep, cows, pigs, goats, and horses here",0,0,0,0,0,14,93rkBOyASqzxtJ1FIAavIA_14
93rkBOyASqzxtJ1FIAavIA,4,0,"a slave cabin is set up, so you can see how the slaves lived at the time",0,0,0,0,0,15,93rkBOyASqzxtJ1FIAavIA_15
93rkBOyASqzxtJ1FIAavIA,4,-0.25,"this is a small plantation, so don't expect anything lavish",0,0,0,1,0,16,93rkBOyASqzxtJ1FIAavIA_16
93rkBOyASqzxtJ1FIAavIA,4,0.6,but do expect to find a museum-like experience that does give an honest portrayal of liffe in the pre-civil war era,0,1,0,1,0,17,93rkBOyASqzxtJ1FIAavIA_17
CvMVd31cnTfzMUsHDXm4zQ,5,0.483333333,an old gothic church turned artist residency with incredible design/craftsmanship for in-house talent make this easily one of my favorite spots in uptown,0,1,0,0,0,1,CvMVd31cnTfzMUsHDXm4zQ_1
CvMVd31cnTfzMUsHDXm4zQ,5,0.2,i hadn't been back for a few years and i'm rather happy i did,0,0,0,0,0,2,CvMVd31cnTfzMUsHDXm4zQ_2
CvMVd31cnTfzMUsHDXm4zQ,5,-0.1,what you need to know about the mccoll center is that the artists here are ever rotating,0,1,0,1,0,3,CvMVd31cnTfzMUsHDXm4zQ_3
CvMVd31cnTfzMUsHDXm4zQ,5,0,"they come from all over, create/compose/devise an installation or multiple, and have it on display",0,1,0,0,0,4,CvMVd31cnTfzMUsHDXm4zQ_4
CvMVd31cnTfzMUsHDXm4zQ,5,0.6,there is always a mix of mediums under this gorgeous roof and its many parapets,0,1,0,1,0,5,CvMVd31cnTfzMUsHDXm4zQ_5
CvMVd31cnTfzMUsHDXm4zQ,5,0,be on the lookout and check their site to be privy on opening nights,0,0,0,1,0,6,CvMVd31cnTfzMUsHDXm4zQ_6
CvMVd31cnTfzMUsHDXm4zQ,5,0.565277778,"for the growing artist out there: the staff here is fantastic and the facility is incredible, clean, inspiring, unique, and overtly beautiful",0,1,0,1,0,7,CvMVd31cnTfzMUsHDXm4zQ_7
CvMVd31cnTfzMUsHDXm4zQ,5,0,i had the privilege of taking a tour of the entire facility,0,1,0,0,0,8,CvMVd31cnTfzMUsHDXm4zQ_8
CvMVd31cnTfzMUsHDXm4zQ,5,0.143650794,floor after floor of impeccably adequate space (all studios are complete with giant double doors for moving large pieces in and out) on the rather large service elevator,0,1,0,0,0,9,CvMVd31cnTfzMUsHDXm4zQ_9
CvMVd31cnTfzMUsHDXm4zQ,5,0.15625,"there just so happens to be a full wood shop, print lab -- complete with letterpress, lithograph, and others, metal working station, and plenty of other elements useful for construction",0,1,0,0,0,10,CvMVd31cnTfzMUsHDXm4zQ_10
CvMVd31cnTfzMUsHDXm4zQ,5,0.85,just a beautiful facility,0,1,0,0,0,11,CvMVd31cnTfzMUsHDXm4zQ_11
CvMVd31cnTfzMUsHDXm4zQ,5,0.166666667,"next time you're in the area and want to take a minute to explore someone's artistic exploration, stop in",0,0,0,1,0,12,CvMVd31cnTfzMUsHDXm4zQ_12
CvMVd31cnTfzMUsHDXm4zQ,5,0,doesn't cost you anything to get in either,0,1,0,1,0,13,CvMVd31cnTfzMUsHDXm4zQ_13
CvMVd31cnTfzMUsHDXm4zQ,5,0.4,aka admission is free,0,1,0,1,0,14,CvMVd31cnTfzMUsHDXm4zQ_14
CvMVd31cnTfzMUsHDXm4zQ,5,-0.1,looking forward to stopping in for a few openings later this year,0,1,0,0,0,15,CvMVd31cnTfzMUsHDXm4zQ_15
CvMVd31cnTfzMUsHDXm4zQ,5,0,cheers,0,0,0,0,0,16,CvMVd31cnTfzMUsHDXm4zQ_16
_d7JPhUHOhEYXwBVvifpHQ,3,0,i went today to watch the panthers play their home opener vs,0,0,0,0,0,1,_d7JPhUHOhEYXwBVvifpHQ_1
_d7JPhUHOhEYXwBVvifpHQ,3,0.136363636,the new orleans saints,0,0,0,0,0,2,_d7JPhUHOhEYXwBVvifpHQ_2
_d7JPhUHOhEYXwBVvifpHQ,3,0.2,the game was fun and we had a good time,0,1,0,0,0,3,_d7JPhUHOhEYXwBVvifpHQ_3
_d7JPhUHOhEYXwBVvifpHQ,3,0,the panthers need to do something about getting people into the stadium,1,0,0,0,1,4,_d7JPhUHOhEYXwBVvifpHQ_4
_d7JPhUHOhEYXwBVvifpHQ,3,-0.4,it was raining a bit before the game and the game started at 1:00,0,0,0,0,0,5,_d7JPhUHOhEYXwBVvifpHQ_5
_d7JPhUHOhEYXwBVvifpHQ,3,0,12:45 is when i arrived at the west gate to enter and i finally got into my seat around 1:20,0,0,0,0,0,6,_d7JPhUHOhEYXwBVvifpHQ_6
_d7JPhUHOhEYXwBVvifpHQ,3,0.125595238,"it took forever to get in, i'm not sure what the deal was! they weren't doing anything special as far as security screening, just the normal hold out your bag and a quick swipe with the metal detector",1,0,0,1,0,7,_d7JPhUHOhEYXwBVvifpHQ_7
_d7JPhUHOhEYXwBVvifpHQ,3,-0.223333333,it was very frustrating since i missed the first 10 minutes of the game and i was there in plenty of time to make it to my seat for kickoff,1,0,0,1,0,8,_d7JPhUHOhEYXwBVvifpHQ_8
_d7JPhUHOhEYXwBVvifpHQ,3,0.275,"other than that the stadium itself is pretty good, there are plenty of concessions and even krispy kreme booths for that donut fix",0,1,0,1,0,9,_d7JPhUHOhEYXwBVvifpHQ_9
_d7JPhUHOhEYXwBVvifpHQ,3,0.219444444,"they do a good job of keeping the crowd interested with games, and contests so there isn't a dull moment",0,1,0,0,0,10,_d7JPhUHOhEYXwBVvifpHQ_10
_d7JPhUHOhEYXwBVvifpHQ,3,0.139583333,"good experience, would have been better if i had gotten into the game sooner!!!",1,1,9,0,0,11,_d7JPhUHOhEYXwBVvifpHQ_11
pgfU6cMP65680t2N9wVCsA,1,-0.15,this doctor that's a female will make you feel like you're scum and i went in with a broken hand! real emergency she has glasses pony tail and always wears a mask,1,0,0,1,0,1,pgfU6cMP65680t2N9wVCsA_1
pgfU6cMP65680t2N9wVCsA,1,0,so if you see this bi$&h run !!,0,0,0,1,0,2,pgfU6cMP65680t2N9wVCsA_2
rLtl8ZkDX5vH5nAx9C3q5Q,4,0,i have no clue what this place is,1,0,0,0,0,1,rLtl8ZkDX5vH5nAx9C3q5Q_1
rLtl8ZkDX5vH5nAx9C3q5Q,4,-0.225,i went a few days ago for the femocracy show and i'm not really sure what that was either,1,0,0,0,0,2,rLtl8ZkDX5vH5nAx9C3q5Q_2
rLtl8ZkDX5vH5nAx9C3q5Q,4,0.45,i'm not really into the phoenix art scene so i don't get a lot of the stuff that goes on here so i'll do my best to describe my experience,0,0,0,0,0,3,rLtl8ZkDX5vH5nAx9C3q5Q_3
rLtl8ZkDX5vH5nAx9C3q5Q,4,0,the alwun house is just a big house in downtown phoenix that hosts different art events,0,0,0,0,0,4,rLtl8ZkDX5vH5nAx9C3q5Q_4
rLtl8ZkDX5vH5nAx9C3q5Q,4,0.55,"when i went, the house was filled with erotic art which was eclectic and well",0,0,0,0,0,5,rLtl8ZkDX5vH5nAx9C3q5Q_5
rLtl8ZkDX5vH5nAx9C3q5Q,4,0.7,erotic,0,0,0,0,0,6,rLtl8ZkDX5vH5nAx9C3q5Q_6
rLtl8ZkDX5vH5nAx9C3q5Q,4,0.107142857,"in back there is a large, mostly-covered area with a stage and plenty of seating",0,0,0,0,0,7,rLtl8ZkDX5vH5nAx9C3q5Q_7
rLtl8ZkDX5vH5nAx9C3q5Q,4,0.5,"this is where i saw ""femocracy"" which was a bunch of artsy and somewhat humorous skits",0,1,0,0,0,8,rLtl8ZkDX5vH5nAx9C3q5Q_8
rLtl8ZkDX5vH5nAx9C3q5Q,4,0.25,it was entertaining but i won't review it because i don't think it has anything to do with the actual alwun house,0,0,0,0,0,9,rLtl8ZkDX5vH5nAx9C3q5Q_9
rLtl8ZkDX5vH5nAx9C3q5Q,4,0.45,"anyway, the back of the house is a nice area and a nice place to chill if the weather is nice and you are into artsy stuff that may be playing on the stage",0,1,0,1,0,10,rLtl8ZkDX5vH5nAx9C3q5Q_10
rLtl8ZkDX5vH5nAx9C3q5Q,4,-0.13,there is a bar that serves very minimal cocktails,1,0,0,0,0,11,rLtl8ZkDX5vH5nAx9C3q5Q_11
rLtl8ZkDX5vH5nAx9C3q5Q,4,0.083333333,"i was there to support a friend and i'm all for supporting the local art scene, but i probably won't be back unless i have to",1,0,0,0,0,12,rLtl8ZkDX5vH5nAx9C3q5Q_12
rLtl8ZkDX5vH5nAx9C3q5Q,4,0.376666667,the alwun house was very interesting to say the least and everybody that visits and works there is very nice,0,1,0,0,0,13,rLtl8ZkDX5vH5nAx9C3q5Q_13
JffajLV-Dnn-eGYgdXDxFg,5,0.7375,i love the dbg! how beautiful this place is,0,1,0,0,0,1,JffajLV-Dnn-eGYgdXDxFg_1
JffajLV-Dnn-eGYgdXDxFg,5,0,what a phoenix treasure,0,1,0,0,0,2,JffajLV-Dnn-eGYgdXDxFg_2
JffajLV-Dnn-eGYgdXDxFg,5,0.25,the first time i came out here was about 3 years ago with my mom,0,0,0,0,0,3,JffajLV-Dnn-eGYgdXDxFg_3
JffajLV-Dnn-eGYgdXDxFg,5,0.25,"she's an avid gardener, and we made a point of going here",0,0,0,0,0,4,JffajLV-Dnn-eGYgdXDxFg_4
JffajLV-Dnn-eGYgdXDxFg,5,0.133333333,"we both had a great time with everything we saw, and easily killed a few hours walking around this place",0,1,0,1,0,5,JffajLV-Dnn-eGYgdXDxFg_5
JffajLV-Dnn-eGYgdXDxFg,5,0,"well, i came back here with heather to see the chihuly display",0,0,,0,0,6,JffajLV-Dnn-eGYgdXDxFg_6
JffajLV-Dnn-eGYgdXDxFg,5,0.549206349,"awesome! gardens are lusch, paths are large and easy to walk and there is plenty to see here",0,1,0,0,0,7,JffajLV-Dnn-eGYgdXDxFg_7
JffajLV-Dnn-eGYgdXDxFg,5,0,tons of desert habitat here,0,1,0,0,0,8,JffajLV-Dnn-eGYgdXDxFg_8
JffajLV-Dnn-eGYgdXDxFg,5,0,i also like how they have water fountians and beverage machines here throughout the park,0,1,0,0,0,9,JffajLV-Dnn-eGYgdXDxFg_9
JffajLV-Dnn-eGYgdXDxFg,5,0.35,walking can make you get real thirsty real quick,0,0,0,1,0,10,JffajLV-Dnn-eGYgdXDxFg_10
JffajLV-Dnn-eGYgdXDxFg,5,0.1375,"they also have a little cafe of sorts in the back of the garden, which is nice when you are hungry",0,1,0,1,0,11,JffajLV-Dnn-eGYgdXDxFg_11
JffajLV-Dnn-eGYgdXDxFg,5,-0.155555556,they also have benches if you want to sit down and catch your breath or take a break from walking,0,1,0,0,0,12,JffajLV-Dnn-eGYgdXDxFg_12
JffajLV-Dnn-eGYgdXDxFg,5,0.65,"great place to bring family, dates, out of town visitors and anyone else! worth the $$",1,0,0,1,0,13,JffajLV-Dnn-eGYgdXDxFg_13
JffajLV-Dnn-eGYgdXDxFg,5,0,i will be back!,0,1,0,0,0,14,JffajLV-Dnn-eGYgdXDxFg_14
nkF7xDv8v-HITsU8KvrjNA,4,0.625,"on a beautiful day in phoenix, my mom, sister and i made our way to the botanical garden to take in the fabulous flora of the desert",0,1,0,0,0,1,nkF7xDv8v-HITsU8KvrjNA_1
nkF7xDv8v-HITsU8KvrjNA,4,0.5,"the entrance fee is a wee bit pricey, but if you're not up for a hike in the nearby mountains but still want to see some gorgeous cacti and flowers, it may be worth the $18",1,0,0,1,0,2,nkF7xDv8v-HITsU8KvrjNA_2
nkF7xDv8v-HITsU8KvrjNA,4,0,"from the moment you step into the gardens, you'll ooo and aah at every turn",0,1,0,0,0,3,nkF7xDv8v-HITsU8KvrjNA_3
nkF7xDv8v-HITsU8KvrjNA,4,0.625,beautiful wildflowers and fantastic cacti are everywhere to be seen,0,1,0,0,0,4,nkF7xDv8v-HITsU8KvrjNA_4
nkF7xDv8v-HITsU8KvrjNA,4,0,there are several trails throughout the gardens that take you on short journeys and away from the hustle of city life,0,1,0,1,0,5,nkF7xDv8v-HITsU8KvrjNA_5
nkF7xDv8v-HITsU8KvrjNA,4,0.4,"i come from deciduous forests, so i'm always impressed with the stark contrast of the desert and its flora and fauna",0,1,0,0,0,6,nkF7xDv8v-HITsU8KvrjNA_6
nkF7xDv8v-HITsU8KvrjNA,4,0.166666667,i could see myself coming here to clear my mind and enjoy the quiet beauty of a hummingbird buzzing from flower to flower,0,1,0,1,0,7,nkF7xDv8v-HITsU8KvrjNA_7
nkF7xDv8v-HITsU8KvrjNA,4,0.34375,"i haven't been to many botanical gardens, but i can only imagine that the desert botanical garden is a unique and worthwhile experience",0,1,0,0,0,8,nkF7xDv8v-HITsU8KvrjNA_8
6kmu0mYbdpMIOZ6Y0eVsxg,5,0,i can't believe i waited 11 years to go here,0,1,0,0,0,1,6kmu0mYbdpMIOZ6Y0eVsxg_1
6kmu0mYbdpMIOZ6Y0eVsxg,5,0.5,i love nature,0,0,0,0,0,2,6kmu0mYbdpMIOZ6Y0eVsxg_2
6kmu0mYbdpMIOZ6Y0eVsxg,5,0.25,i love being outside,0,0,0,0,0,3,6kmu0mYbdpMIOZ6Y0eVsxg_3
6kmu0mYbdpMIOZ6Y0eVsxg,5,0.5,i'm in love,0,0,0,0,0,4,6kmu0mYbdpMIOZ6Y0eVsxg_4
6kmu0mYbdpMIOZ6Y0eVsxg,5,0.25,"in fact, my first visit 2 months ago inspired my mom to get us both memberships",0,0,0,0,0,5,6kmu0mYbdpMIOZ6Y0eVsxg_5
6kmu0mYbdpMIOZ6Y0eVsxg,5,0.433333333,i loved the tour of the main loop,0,1,0,0,0,6,6kmu0mYbdpMIOZ6Y0eVsxg_6
6kmu0mYbdpMIOZ6Y0eVsxg,5,0,we learned a lot about some of the plants,0,0,0,0,0,7,6kmu0mYbdpMIOZ6Y0eVsxg_7
6kmu0mYbdpMIOZ6Y0eVsxg,5,0.1,"i've worked in landscaping and know a lot about desert plants, but we learned a lot of cultural stuff, too",0,1,0,0,0,8,6kmu0mYbdpMIOZ6Y0eVsxg_8
6kmu0mYbdpMIOZ6Y0eVsxg,5,0,i went back for the chihuly exhibit,0,0,0,0,0,9,6kmu0mYbdpMIOZ6Y0eVsxg_9
6kmu0mYbdpMIOZ6Y0eVsxg,5,0.33125,"it's the coolest thing i have ever seen, and some of the sculptures were so beautiful i cried a little",0,1,0,0,0,10,6kmu0mYbdpMIOZ6Y0eVsxg_10
6kmu0mYbdpMIOZ6Y0eVsxg,5,0.4,"the staff is a lot of volunteers, so you know they enjoy being there",0,1,0,0,0,11,6kmu0mYbdpMIOZ6Y0eVsxg_11
6kmu0mYbdpMIOZ6Y0eVsxg,5,0,"in fact, i am going to talk to them about volunteering as soon as the holidays are over",0,1,0,0,0,12,6kmu0mYbdpMIOZ6Y0eVsxg_12
6kmu0mYbdpMIOZ6Y0eVsxg,5,0,i can't wait to go again!,0,1,0,0,0,13,6kmu0mYbdpMIOZ6Y0eVsxg_13
Skaeiq3BktGjRnVjL6AQJw,5,0.7,totally loved this place,0,1,0,0,0,1,Skaeiq3BktGjRnVjL6AQJw_1
Skaeiq3BktGjRnVjL6AQJw,5,-0.2,my kids are 12 & 10 and it captivated them for a few hours before we had dinner,0,1,0,1,0,2,Skaeiq3BktGjRnVjL6AQJw_2
Skaeiq3BktGjRnVjL6AQJw,5,0.25,"i'm sure we could have made a longer day of it, but we arrived at 3:30 to avoid mid day heat",0,0,0,0,0,3,Skaeiq3BktGjRnVjL6AQJw_3
Skaeiq3BktGjRnVjL6AQJw,5,0.6,the chihuly sculpture was amazing,0,1,0,1,0,4,Skaeiq3BktGjRnVjL6AQJw_4
Skaeiq3BktGjRnVjL6AQJw,5,0,no need for the tour time slots,0,0,0,1,1,5,Skaeiq3BktGjRnVjL6AQJw_5
Skaeiq3BktGjRnVjL6AQJw,5,0.291688312,"because we live in chicago, and right near the chicago botanical gardens, we knew what to expect, but it was so great to see a new plant life in abundance",0,1,0,0,0,6,Skaeiq3BktGjRnVjL6AQJw_6
Skaeiq3BktGjRnVjL6AQJw,5,0.45,this is a beautiful environment and worth as much time as you can give it,0,1,0,0,0,7,Skaeiq3BktGjRnVjL6AQJw_7
Skaeiq3BktGjRnVjL6AQJw,5,0.346666667,the gift shop is standard and the restaurant 'gertrude's' was very good and very busy,0,1,0,1,0,8,Skaeiq3BktGjRnVjL6AQJw_8
Skaeiq3BktGjRnVjL6AQJw,5,0,need reservations for that,0,0,0,1,0,9,Skaeiq3BktGjRnVjL6AQJw_9
U8SlOE1jQ6W01ENgE6rICQ,5,0.333333333,this is one of my favorite airports for a couple of main reasons:,0,1,0,0,0,1,U8SlOE1jQ6W01ENgE6rICQ_1
U8SlOE1jQ6W01ENgE6rICQ,5,0.433333333,easy tsa process,0,1,0,0,0,2,U8SlOE1jQ6W01ENgE6rICQ_2
U8SlOE1jQ6W01ENgE6rICQ,5,0.4,fabulous restaurants,0,1,0,0,0,3,U8SlOE1jQ6W01ENgE6rICQ_3
U8SlOE1jQ6W01ENgE6rICQ,5,0.144444444,easy navigation around entire airport including parking outside,0,1,0,0,0,4,U8SlOE1jQ6W01ENgE6rICQ_4
U8SlOE1jQ6W01ENgE6rICQ,5,-0.125,extremely efficient pick up/drop off areas with plenty of space for everyone,0,1,0,0,0,5,U8SlOE1jQ6W01ENgE6rICQ_5
U8SlOE1jQ6W01ENgE6rICQ,5,0.4,to expand on each thing that i really enjoy,0,0,0,0,0,6,U8SlOE1jQ6W01ENgE6rICQ_6
U8SlOE1jQ6W01ENgE6rICQ,5,0,tsa process:,0,0,0,0,0,7,U8SlOE1jQ6W01ENgE6rICQ_7
U8SlOE1jQ6W01ENgE6rICQ,5,0.075,i frequently travel with just one carry on item and it's generally a process,0,0,0,0,0,8,U8SlOE1jQ6W01ENgE6rICQ_8
U8SlOE1jQ6W01ENgE6rICQ,5,0.1,"i'm a frequent flier so i know how to breeze through the lines, if the airport recognizes this and lets me",0,0,0,0,0,9,U8SlOE1jQ6W01ENgE6rICQ_9
U8SlOE1jQ6W01ENgE6rICQ,5,-0.107291667,by that i mean doesn't stick me in a super long line behind people with a ton of baggage (or kids),0,0,0,0,0,10,U8SlOE1jQ6W01ENgE6rICQ_10
U8SlOE1jQ6W01ENgE6rICQ,5,0.162083333,"(sorry but it's true!) sky harbor seems to ""get"" this more than other airports and frequently sends me and other people who don't have many items into a smaller, more quickly moving line",0,1,0,0,1,11,U8SlOE1jQ6W01ENgE6rICQ_11
U8SlOE1jQ6W01ENgE6rICQ,5,-0.5,perhaps i'm totally wrong about this and it's just luck but it's something i've noticed after flying out of phx dozens fo times,0,0,0,0,0,12,U8SlOE1jQ6W01ENgE6rICQ_12
U8SlOE1jQ6W01ENgE6rICQ,5,1,awesome restaurants:,0,1,0,0,0,13,U8SlOE1jQ6W01ENgE6rICQ_13
U8SlOE1jQ6W01ENgE6rICQ,5,0.475,normally airports suck at food- they'll try to have options but instead of offering great restaurants they give you shitty options,0,0,0,0,0,14,U8SlOE1jQ6W01ENgE6rICQ_14
U8SlOE1jQ6W01ENgE6rICQ,5,-0.25,(i'm not sure which i'd rather have- no options or shitty options,0,0,0,0,0,15,U8SlOE1jQ6W01ENgE6rICQ_15
U8SlOE1jQ6W01ENgE6rICQ,5,0,probably shitty options,0,0,0,0,0,16,U8SlOE1jQ6W01ENgE6rICQ_16
U8SlOE1jQ6W01ENgE6rICQ,5,0,") sky harbor has a lot of options that are not shitty- not at all! for example, last year they put in a matt's big breakfast- if you're not from phx or haven't visited or lived there for a period of time you probably don't know about the gem downtown that is matt's big breakfast",0,1,0,1,0,17,U8SlOE1jQ6W01ENgE6rICQ_17
U8SlOE1jQ6W01ENgE6rICQ,5,0.177777778,it is an awesome breakfast spot with bacon that is almost a half of an inch thick,0,1,0,1,0,18,U8SlOE1jQ6W01ENgE6rICQ_18
U8SlOE1jQ6W01ENgE6rICQ,5,0,yeah,0,0,0,0,0,19,U8SlOE1jQ6W01ENgE6rICQ_19
U8SlOE1jQ6W01ENgE6rICQ,5,0.55,there are awesome food places in sky harbor and i always try to get there early just to eat,0,1,0,0,0,20,U8SlOE1jQ6W01ENgE6rICQ_20
U8SlOE1jQ6W01ENgE6rICQ,5,0.25,a funny tidbit,0,0,0,0,0,21,U8SlOE1jQ6W01ENgE6rICQ_21
U8SlOE1jQ6W01ENgE6rICQ,5,0.083333333,last year i was flying on thanksgiving day and ended up having my thanksgiving dinner at chelsea's kitchen outside of the tsa checkpoint at sky harbor- haha!,0,0,0,0,0,22,U8SlOE1jQ6W01ENgE6rICQ_22
U8SlOE1jQ6W01ENgE6rICQ,5,0.433333333,easy navigation:,0,1,0,0,0,23,U8SlOE1jQ6W01ENgE6rICQ_23
U8SlOE1jQ6W01ENgE6rICQ,5,0.341666667,this one is pretty straightforward so the point i'll focus on here is that they are a stop on the light rail that runs all across the valley,0,1,0,1,0,24,U8SlOE1jQ6W01ENgE6rICQ_24
U8SlOE1jQ6W01ENgE6rICQ,5,0.1,i have frequently used this system and have found it foolproof,0,1,0,0,0,25,U8SlOE1jQ6W01ENgE6rICQ_25
U8SlOE1jQ6W01ENgE6rICQ,5,0.144285714,rarely to i trust public transportation when trying to get somewhere with a tight timeframe but i absolutely trust the light rail system with the sky harbor drop off points,0,1,0,0,0,26,U8SlOE1jQ6W01ENgE6rICQ_26
U8SlOE1jQ6W01ENgE6rICQ,5,0,pick up/ drop off areas:,0,1,0,0,0,27,U8SlOE1jQ6W01ENgE6rICQ_27
U8SlOE1jQ6W01ENgE6rICQ,5,-0.216666667,long story short (i've already written a novel- about an airport - i'm crazy,0,0,0,0,0,28,U8SlOE1jQ6W01ENgE6rICQ_28
U8SlOE1jQ6W01ENgE6rICQ,5,0.270833333,) they have really easy pick up drop off areas that are heavily monitored for stalling and it makes it really easy to get space to get in or out of the airport quickly!,0,1,0,1,0,29,U8SlOE1jQ6W01ENgE6rICQ_29
U8SlOE1jQ6W01ENgE6rICQ,5,-0.0625,if you need to have a long layover this is the airport to have it in!,0,1,0,1,0,30,U8SlOE1jQ6W01ENgE6rICQ_30
pVXnowaC4E-X_N-5GzG4cg,1,-1,perhaps the worst airport in north america,1,0,0,0,0,1,pVXnowaC4E-X_N-5GzG4cg_1
pVXnowaC4E-X_N-5GzG4cg,1,-0.4,security lines are claustrophobic and excessively long,1,0,0,0,0,2,pVXnowaC4E-X_N-5GzG4cg_2
pVXnowaC4E-X_N-5GzG4cg,1,-0.171428571,services are very limited and there is no accommodations for smokers once past security,1,0,0,0,1,3,pVXnowaC4E-X_N-5GzG4cg_3
pVXnowaC4E-X_N-5GzG4cg,1,-0.65,the tsa people were terribly inefficient and somewhat rude,1,0,0,0,0,4,pVXnowaC4E-X_N-5GzG4cg_4
pVXnowaC4E-X_N-5GzG4cg,1,0.8,if you must fly here just grin as bear it,1,0,0,1,0,5,pVXnowaC4E-X_N-5GzG4cg_5
4I20VXHPK2V3pY8yTYm6sA,3,0.066666667,"two observations for this airport: first, coming in on united it seemed to take an unusually long time for the bags to make it to the carousel and when they finally did start to come out the flight still was not listed on the incoming boards",1,0,0,0,0,1,4I20VXHPK2V3pY8yTYm6sA_1
4I20VXHPK2V3pY8yTYm6sA,3,0,"second, us airways is a zoo for departures",1,0,0,0,0,2,4I20VXHPK2V3pY8yTYm6sA_2
4I20VXHPK2V3pY8yTYm6sA,3,0.25,"having business class access makes it a lot easier but if you do not, then be sure to allow some extra time to get through the disneyland like crowds",0,0,1,1,0,3,4I20VXHPK2V3pY8yTYm6sA_3
4I20VXHPK2V3pY8yTYm6sA,3,0.05,"otherwise -- for an airport, in general, i have seen better, i have seen worse",0,0,1,0,0,4,4I20VXHPK2V3pY8yTYm6sA_4
4I20VXHPK2V3pY8yTYm6sA,3,-0.016964286,"the rental car shuttle, at least for united, was right across from baggage claim so it makes the task of getting to the center for picking up your car at least a little more painless",0,0,1,1,0,5,4I20VXHPK2V3pY8yTYm6sA_5
z2eThgSVK9FsBfldckWpow,2,0.2,i know that no one really likes going to the airport now a days,0,0,1,0,0,1,z2eThgSVK9FsBfldckWpow_1
z2eThgSVK9FsBfldckWpow,2,0.5,you feel more like a piece of cattle working its way through a stockyard then a valued customer,0,0,1,0,0,2,z2eThgSVK9FsBfldckWpow_2
z2eThgSVK9FsBfldckWpow,2,0.357142857,however this airport certainly does not make that experience any better,1,0,0,0,0,3,z2eThgSVK9FsBfldckWpow_3
z2eThgSVK9FsBfldckWpow,2,-0.05,"most of the facility is under construction, but there is dust and dangerous construction equipment like pickaxes just strewn all about",1,0,0,0,1,4,z2eThgSVK9FsBfldckWpow_4
z2eThgSVK9FsBfldckWpow,2,0,"the security line took almost an hour because they only had one woman checking the ids at the end of the line, creating a bottleneck to get to the security scanners",1,0,0,0,1,5,z2eThgSVK9FsBfldckWpow_5
z2eThgSVK9FsBfldckWpow,2,0.233333333,"at the very end of my hour, as i was nearing the destination three more people suddenly set up id checking booths",1,0,0,0,0,6,z2eThgSVK9FsBfldckWpow_6
z2eThgSVK9FsBfldckWpow,2,-0.05,why did it take so long for them to realize that they were undermanned?,1,0,0,0,1,7,z2eThgSVK9FsBfldckWpow_7
z2eThgSVK9FsBfldckWpow,2,-0.05,bathrooms at this airport are few and far between,1,0,0,1,0,8,z2eThgSVK9FsBfldckWpow_8
z2eThgSVK9FsBfldckWpow,2,0,"i looked, in the a terminal, there were bathrooms at a3",0,0,1,0,0,9,z2eThgSVK9FsBfldckWpow_9
z2eThgSVK9FsBfldckWpow,2,0,and a25,0,0,1,0,0,10,z2eThgSVK9FsBfldckWpow_10
z2eThgSVK9FsBfldckWpow,2,-0.025,"i don't know how recently anyone reading this has been to an airport, but 22 gates is a really long distance to walk to go to the bathroom",1,0,0,0,0,11,z2eThgSVK9FsBfldckWpow_11
z2eThgSVK9FsBfldckWpow,2,-0.05,"my flight was going out of a7, so i was not completely out of luck",0,0,1,0,0,12,z2eThgSVK9FsBfldckWpow_12
z2eThgSVK9FsBfldckWpow,2,0,but i feel for people that had a gate address in the teens,1,0,0,1,0,13,z2eThgSVK9FsBfldckWpow_13
z2eThgSVK9FsBfldckWpow,2,0.05,"there were not a lot of choices for food or snacking, the construction had blocked off whole sides of the terminal and it seems like the restaurants had just closed",1,0,0,0,0,14,z2eThgSVK9FsBfldckWpow_14
z2eThgSVK9FsBfldckWpow,2,-0.016666667,"i don't usually have much choice where my flights connect into, but personally i would not want to have to stop at this airport again anytime soon",1,0,0,0,0,15,z2eThgSVK9FsBfldckWpow_15
z2eThgSVK9FsBfldckWpow,2,-0.166666667,or maybe i will check back and see if they are done with all this awful construction that takes away so many amenities,0,0,1,0,1,16,z2eThgSVK9FsBfldckWpow_16
EYGD022jcNecmj15IHNDrQ,4,0.138888889,"a perfectly fine airport, i suppose, however, the layout is odd and creates a backup going in to one particular terminal, when it can be accessed through any entrance",1,0,0,0,1,1,EYGD022jcNecmj15IHNDrQ_1
EYGD022jcNecmj15IHNDrQ,4,0,this probably doesn't make sense unless you've been there,0,0,1,0,0,2,EYGD022jcNecmj15IHNDrQ_2
EYGD022jcNecmj15IHNDrQ,4,0,we ended up running to a different terminal entrance as one was backed up with hundreds of travelers,1,0,0,0,0,3,EYGD022jcNecmj15IHNDrQ_3
EYGD022jcNecmj15IHNDrQ,4,0.6875,"it's a wonderful city and despite the airport glitches, the people were friendly and helpful",0,1,0,0,0,4,EYGD022jcNecmj15IHNDrQ_4
Wm_vkQAe-gh8a4A1VPoXvQ,5,0.433333333,"easy to use, easy to get to",0,1,0,0,0,1,Wm_vkQAe-gh8a4A1VPoXvQ_1
Wm_vkQAe-gh8a4A1VPoXvQ,5,0,ten minutes from my mesa home and no worries about parking or traffic,0,1,0,0,0,2,Wm_vkQAe-gh8a4A1VPoXvQ_2
Wm_vkQAe-gh8a4A1VPoXvQ,5,0.016071429,"well, depends on the time of day but really, in general it can be shockingly few minutes considering this is one of the busiest airports in the country if not the world and in such a large city",0,1,0,0,0,3,Wm_vkQAe-gh8a4A1VPoXvQ_3
Wm_vkQAe-gh8a4A1VPoXvQ,5,0,"who knew? well, now you do",0,0,1,0,0,4,Wm_vkQAe-gh8a4A1VPoXvQ_4
Wm_vkQAe-gh8a4A1VPoXvQ,5,0.3875,"great, great airport and it really feels like a small town one",0,1,0,0,0,5,Wm_vkQAe-gh8a4A1VPoXvQ_5
hB0XY4B9ps6ALpBD2k_ZgQ,5,-0.1,i've flown in or out of this airport at least 5 times with no trouble,0,1,0,0,0,1,hB0XY4B9ps6ALpBD2k_ZgQ_1
hB0XY4B9ps6ALpBD2k_ZgQ,5,-0.0125,"the construction and drop off area can be confusing and inconvenient when picking someone up, but i like this airport as a flyer! i set a personal best record of getting through security to my gate for a red-eye flight on thanksgiving morning",1,1,0,0,0,2,hB0XY4B9ps6ALpBD2k_ZgQ_2
hB0XY4B9ps6ALpBD2k_ZgQ,5,0.046875,"it was empty! i was actually kind of annoyed at myself for getting there so early, but i was expecting worse for such a big, popular airport",0,0,1,0,0,3,hB0XY4B9ps6ALpBD2k_ZgQ_3
hB0XY4B9ps6ALpBD2k_ZgQ,5,0.625,safe travels!,0,0,1,0,0,4,hB0XY4B9ps6ALpBD2k_ZgQ_4
3VKeVARFnH2wFpjG3RXZ8w,4,0.128125,it's a really good airport over all but you just have to get in a little earlier than smaller airports like austin or richmond,1,1,0,1,0,1,3VKeVARFnH2wFpjG3RXZ8w_1
3VKeVARFnH2wFpjG3RXZ8w,4,0,"if you're doing the rub run rudolph dash for your flight, you won't make it here",0,0,1,1,0,2,3VKeVARFnH2wFpjG3RXZ8w_2
3VKeVARFnH2wFpjG3RXZ8w,4,0,the gates are farrrrrr,1,0,0,0,1,3,3VKeVARFnH2wFpjG3RXZ8w_3
3VKeVARFnH2wFpjG3RXZ8w,4,0.5,i rated 4 stars because i wish they had more healthy food choices,1,0,0,0,1,4,3VKeVARFnH2wFpjG3RXZ8w_4
wrcTcwdC9WagZab3t2_Qbg,5,0,we adopted our two cats from aawl close to five years ago,0,0,1,0,0,1,wrcTcwdC9WagZab3t2_Qbg_1
wrcTcwdC9WagZab3t2_Qbg,5,1,we were immediately impressed with their professionalism and cleanliness,0,1,0,0,0,2,wrcTcwdC9WagZab3t2_Qbg_2
wrcTcwdC9WagZab3t2_Qbg,5,0.016666667,"i remember thinking that it was like a garden of eden for pets! it's tucked away on a side street that might be difficult to find at first, but it's worth the drive",0,1,0,1,1,3,wrcTcwdC9WagZab3t2_Qbg_3
wrcTcwdC9WagZab3t2_Qbg,5,-0.155555556,"they do a thorough check of all would be pet-owners, down to the children in your home and pet allowances for leases",0,0,1,0,0,4,wrcTcwdC9WagZab3t2_Qbg_4
wrcTcwdC9WagZab3t2_Qbg,5,0.25,"we chose our cats, and our daughter had to come the next day to make sure that they got along",0,0,1,1,0,5,wrcTcwdC9WagZab3t2_Qbg_5
wrcTcwdC9WagZab3t2_Qbg,5,0.5,:),0,0,1,0,0,6,wrcTcwdC9WagZab3t2_Qbg_6
wrcTcwdC9WagZab3t2_Qbg,5,0,"five years later, we still sing their praises to anyone looking for a pet",0,1,0,1,0,7,wrcTcwdC9WagZab3t2_Qbg_7
wrcTcwdC9WagZab3t2_Qbg,5,0,"if looking to adopt, look no further!",0,1,0,1,0,8,wrcTcwdC9WagZab3t2_Qbg_8
4D4UzEOu-QG4-jkyfynhPQ,4,0,i was doing a school project which required filming and interviewing people,0,0,1,0,0,1,4D4UzEOu-QG4-jkyfynhPQ_1
4D4UzEOu-QG4-jkyfynhPQ,4,0.354166667,i met someone who worked at the aspca and she was super friendly and helpful,0,1,0,0,0,2,4D4UzEOu-QG4-jkyfynhPQ_2
4D4UzEOu-QG4-jkyfynhPQ,4,0,she informed me that i could just walk in and get what i needed to,0,0,1,1,0,3,4D4UzEOu-QG4-jkyfynhPQ_3
4D4UzEOu-QG4-jkyfynhPQ,4,-0.04375,i was surprised and a little uneasy while parking in the lot,0,0,1,0,0,4,4D4UzEOu-QG4-jkyfynhPQ_4
4D4UzEOu-QG4-jkyfynhPQ,4,-0.375,dog shelters make me sad usually,0,0,1,0,0,5,4D4UzEOu-QG4-jkyfynhPQ_5
4D4UzEOu-QG4-jkyfynhPQ,4,0.52,i walked in the building and the girl at the front desk was very cheerful,0,1,0,0,0,6,4D4UzEOu-QG4-jkyfynhPQ_6
4D4UzEOu-QG4-jkyfynhPQ,4,0.466666667,i told her about my purpose and she was super nice,0,1,0,0,0,7,4D4UzEOu-QG4-jkyfynhPQ_7
4D4UzEOu-QG4-jkyfynhPQ,4,0.25,"i walked around in the cat area first, which is indoor",0,0,1,0,0,8,4D4UzEOu-QG4-jkyfynhPQ_8
4D4UzEOu-QG4-jkyfynhPQ,4,0.6,"it was nice because there was a ton of people, animal lovers",0,1,0,0,1,9,4D4UzEOu-QG4-jkyfynhPQ_9
4D4UzEOu-QG4-jkyfynhPQ,4,0.3,"many young boys and girls were playing with cats, with hopes to adopt",0,0,1,0,0,10,4D4UzEOu-QG4-jkyfynhPQ_10
4D4UzEOu-QG4-jkyfynhPQ,4,0,i am a big cat person but i was there for the dogs,0,0,1,0,0,11,4D4UzEOu-QG4-jkyfynhPQ_11
4D4UzEOu-QG4-jkyfynhPQ,4,0,"the dogs are kept in the back, in half-indoor, half-outdoor facilities",0,0,1,0,0,12,4D4UzEOu-QG4-jkyfynhPQ_12
4D4UzEOu-QG4-jkyfynhPQ,4,0.1,the aspca puts doggie treats near the door so you can give them out,0,1,0,1,0,13,4D4UzEOu-QG4-jkyfynhPQ_13
4D4UzEOu-QG4-jkyfynhPQ,4,0.35,i thought that was really cool,0,1,0,0,0,14,4D4UzEOu-QG4-jkyfynhPQ_14
4D4UzEOu-QG4-jkyfynhPQ,4,0.25,the dogs that they have are really cute and different,0,1,0,0,0,15,4D4UzEOu-QG4-jkyfynhPQ_15
4D4UzEOu-QG4-jkyfynhPQ,4,0,"if you let the workers know, you can play with a dog in a side panel",0,1,0,1,0,16,4D4UzEOu-QG4-jkyfynhPQ_16
4D4UzEOu-QG4-jkyfynhPQ,4,0.081481481,"while making my way back into the building, i noticed a huge grassy area down in sort of a lower area",0,1,0,0,0,17,4D4UzEOu-QG4-jkyfynhPQ_17
4D4UzEOu-QG4-jkyfynhPQ,4,0.25,this area is for various trainings and shows mostly for dogs,0,1,0,0,0,18,4D4UzEOu-QG4-jkyfynhPQ_18
4D4UzEOu-QG4-jkyfynhPQ,4,0,there is a ton of play things that owners and dogs can play with,0,1,0,1,0,19,4D4UzEOu-QG4-jkyfynhPQ_19
4D4UzEOu-QG4-jkyfynhPQ,4,-0.041666667,"there is also a small store in the main building that has things like leashes, food, bowls, etc",0,1,0,0,0,20,4D4UzEOu-QG4-jkyfynhPQ_20
4D4UzEOu-QG4-jkyfynhPQ,4,0.1,"all in all, this was such a fun experience that i will go back from time to time just to visit",0,1,0,0,0,21,4D4UzEOu-QG4-jkyfynhPQ_21
4D4UzEOu-QG4-jkyfynhPQ,4,0,there is a program where you can go and walk dogs in the morning as well,0,1,0,1,0,22,4D4UzEOu-QG4-jkyfynhPQ_22
hq0WUfau1Mh3GyHn8oVdNQ,3,0.233333333,i went to the flea market today for the first time in years and was pleasantly surprised at just how much cool stuff there was,0,1,0,0,0,1,hq0WUfau1Mh3GyHn8oVdNQ_1
hq0WUfau1Mh3GyHn8oVdNQ,3,0,if you've ever been to asia and done the outdoor night market's then this is the closest you're gonna get,0,1,0,1,0,2,hq0WUfau1Mh3GyHn8oVdNQ_2
hq0WUfau1Mh3GyHn8oVdNQ,3,0,especially in phoenix,0,0,1,0,0,3,hq0WUfau1Mh3GyHn8oVdNQ_3
hq0WUfau1Mh3GyHn8oVdNQ,3,-0.074837662,"there was the usual selection of flea-market junk, but also a large selection of tools, new and used car stereo's and speakers, bootleg dvds, knock off coach bags and sunglasses and inexpensive clothes and shoes",1,1,0,0,0,4,hq0WUfau1Mh3GyHn8oVdNQ_4
hq0WUfau1Mh3GyHn8oVdNQ,3,0.333333333,there were a lot of booths selling a variation of the same thing and i would have given the market a better rating if there was more variety,1,0,0,0,1,5,hq0WUfau1Mh3GyHn8oVdNQ_5
hq0WUfau1Mh3GyHn8oVdNQ,3,0.18125,"going to the flea-market is as much of a cultural experience as it is a shopping trip so be prepared! there is great mexican food, hispanic medicinal herb booths, tejano music blaring, and ethnic dried foods that you might not recognize",0,1,0,1,0,6,hq0WUfau1Mh3GyHn8oVdNQ_6
hq0WUfau1Mh3GyHn8oVdNQ,3,0,did i mention you can get $3,0,1,0,1,0,7,hq0WUfau1Mh3GyHn8oVdNQ_7
hq0WUfau1Mh3GyHn8oVdNQ,3,0.216666667,00 beers? drunk shopping is one of my favourite ways to do outdoor markets and on a cool phoenix night this would be a great way to spend the evening,0,1,0,1,0,8,hq0WUfau1Mh3GyHn8oVdNQ_8
IUAcpmjfXe2AYpmNGJ6ECQ,2,0.068181818,nothing is the same after they moved to this new location,1,0,0,0,1,1,IUAcpmjfXe2AYpmNGJ6ECQ_1
IUAcpmjfXe2AYpmNGJ6ECQ,2,-0.25,the noobs are too slow and the track is too narrow to pass them,1,0,0,1,0,2,IUAcpmjfXe2AYpmNGJ6ECQ_2
oxCjisxtPGa5wm4vLtqY3g,4,0.016666667,we went a few weeks ago and it was definitely too hot,1,0,0,0,1,1,oxCjisxtPGa5wm4vLtqY3g_1
oxCjisxtPGa5wm4vLtqY3g,4,0.35,wait for the weather to cool off before going,0,0,1,1,0,2,oxCjisxtPGa5wm4vLtqY3g_2
oxCjisxtPGa5wm4vLtqY3g,4,0.21,"on the bright side, they have umbrellas you can borrow while outside! it was interesting to see the ruins, especially within view of the highway",0,1,0,1,1,3,oxCjisxtPGa5wm4vLtqY3g_3
oxCjisxtPGa5wm4vLtqY3g,4,0.25,really makes you think!,0,1,0,0,0,4,oxCjisxtPGa5wm4vLtqY3g_4
JkyvCg99SMdfS6OZv2P3RQ,3,0,this was the hang out when i was a teen,0,0,1,0,0,1,JkyvCg99SMdfS6OZv2P3RQ_1
JkyvCg99SMdfS6OZv2P3RQ,3,0.8,i see they have made some great improvements and have invested to keep the place up,0,1,0,0,0,2,JkyvCg99SMdfS6OZv2P3RQ_2
JkyvCg99SMdfS6OZv2P3RQ,3,-0.2,i played a round of mini golf with my cousin,0,0,1,0,0,3,JkyvCg99SMdfS6OZv2P3RQ_3
JkyvCg99SMdfS6OZv2P3RQ,3,-0.275,"it was bloody hot and humid, even at 9pm",0,0,1,1,0,4,JkyvCg99SMdfS6OZv2P3RQ_4
JkyvCg99SMdfS6OZv2P3RQ,3,-0.25,storms were rolling around the valley and it was really uncomfortable outside,0,0,1,0,0,5,JkyvCg99SMdfS6OZv2P3RQ_5
JkyvCg99SMdfS6OZv2P3RQ,3,-0.4,"we raced through the game, knowing the air conditioning game room awaits",0,0,1,0,0,6,JkyvCg99SMdfS6OZv2P3RQ_6
JkyvCg99SMdfS6OZv2P3RQ,3,0,i wish they would do something about the holes on the course,1,0,0,0,1,7,JkyvCg99SMdfS6OZv2P3RQ_7
JkyvCg99SMdfS6OZv2P3RQ,3,-0.218518519,many were disgusting and you had to reach your hand down into them to fish out your ball,1,0,0,0,1,8,JkyvCg99SMdfS6OZv2P3RQ_8
JkyvCg99SMdfS6OZv2P3RQ,3,0.433333333,a grate or cup would be in order and an easy fix,0,0,1,0,10,9,JkyvCg99SMdfS6OZv2P3RQ_9
JkyvCg99SMdfS6OZv2P3RQ,3,-0.6,i was afraid of pulling y hand out to find a scorpion or something,1,0,0,0,0,10,JkyvCg99SMdfS6OZv2P3RQ_10
JkyvCg99SMdfS6OZv2P3RQ,3,0,"once off the course, we went inside for the arcade",0,0,1,0,0,11,JkyvCg99SMdfS6OZv2P3RQ_11
JkyvCg99SMdfS6OZv2P3RQ,3,0.33,most of the lower level games were bs high dollar games for tickets,1,0,0,1,0,12,JkyvCg99SMdfS6OZv2P3RQ_12
JkyvCg99SMdfS6OZv2P3RQ,3,0,they need to have a worker paroling the gaming area,1,0,0,0,1,13,JkyvCg99SMdfS6OZv2P3RQ_13
JkyvCg99SMdfS6OZv2P3RQ,3,0.083333333,"some shady stuff going on and more lounging in the air conditioning, on games, than actually playing the games",1,0,0,0,0,14,JkyvCg99SMdfS6OZv2P3RQ_14
JkyvCg99SMdfS6OZv2P3RQ,3,0.25,"cops were paroling the park itself, i guess, as just making rounds, but pretty thuggish (still) inside",1,0,0,0,1,15,JkyvCg99SMdfS6OZv2P3RQ_15
JkyvCg99SMdfS6OZv2P3RQ,3,0,it made me realize why there were no tables or resting areas,1,0,0,1,0,16,JkyvCg99SMdfS6OZv2P3RQ_16
JkyvCg99SMdfS6OZv2P3RQ,3,0,too much allure for trouble,0,0,0,0,0,17,JkyvCg99SMdfS6OZv2P3RQ_17
JkyvCg99SMdfS6OZv2P3RQ,3,0.15,"go, have fun, keep to yourself and your group, but always keep an eye open for the people around you",0,0,0,1,0,18,JkyvCg99SMdfS6OZv2P3RQ_18
JkyvCg99SMdfS6OZv2P3RQ,3,1,welcome to phoenix!,0,0,0,0,0,19,JkyvCg99SMdfS6OZv2P3RQ_19
n93bcvmrzZ4PlXWW_bQLEQ,1,-0.025,"first, if you're going to pay $20 for a one hour wrist-band, they should at least not count the time you have to wait to get the wrist bands put on",1,0,0,0,1,1,n93bcvmrzZ4PlXWW_bQLEQ_1
n93bcvmrzZ4PlXWW_bQLEQ,1,0,"by the time we paid, waited for our wristbands, and got outside, we had 52 minutes left",1,0,0,0,1,2,n93bcvmrzZ4PlXWW_bQLEQ_2
n93bcvmrzZ4PlXWW_bQLEQ,1,0.133333333,"second, most of the rides were closed",1,0,0,1,0,3,n93bcvmrzZ4PlXWW_bQLEQ_3
n93bcvmrzZ4PlXWW_bQLEQ,1,0,they didn't tell us that when we bought the wrist bands,1,0,0,0,1,4,n93bcvmrzZ4PlXWW_bQLEQ_4
n93bcvmrzZ4PlXWW_bQLEQ,1,0,i think only 3 rides were open that my kids could do,1,0,0,0,1,5,n93bcvmrzZ4PlXWW_bQLEQ_5
n93bcvmrzZ4PlXWW_bQLEQ,1,-0.15,"when i complained, they would only say, ""no refunds",1,0,0,1,1,6,n93bcvmrzZ4PlXWW_bQLEQ_6
n93bcvmrzZ4PlXWW_bQLEQ,1,0,""" (i wasn't even asking for a refund",1,0,0,0,0,7,n93bcvmrzZ4PlXWW_bQLEQ_7
n93bcvmrzZ4PlXWW_bQLEQ,1,-0.133333333,"finally, after we played the rip-off games, and cashed in out tickets, the total came to 365 tickets",0,0,0,0,0,8,n93bcvmrzZ4PlXWW_bQLEQ_8
n93bcvmrzZ4PlXWW_bQLEQ,1,-0.166666667,"i told the girl that we were splitting them in half, for each of my two kids",0,0,0,0,0,9,n93bcvmrzZ4PlXWW_bQLEQ_9
n93bcvmrzZ4PlXWW_bQLEQ,1,-0.155555556,she rounded down to 182 tickets for each kid,1,0,0,0,0,10,n93bcvmrzZ4PlXWW_bQLEQ_10
n93bcvmrzZ4PlXWW_bQLEQ,1,0.144444444,"geez, each ticket has a cash value of about half a cent, and she couldn't round up to 183 tickets each? lol, i thought that was petty",1,0,0,0,1,11,n93bcvmrzZ4PlXWW_bQLEQ_11
VmDElQKEFclDkGoUgLWYCg,1,0.8,"this church has great intentions, believe me",0,0,0,0,0,1,VmDElQKEFclDkGoUgLWYCg_1
VmDElQKEFclDkGoUgLWYCg,1,0.233333333,they want to reach out and share the gospel with lost souls which is awesome but they preach hate instead of love,1,0,0,0,0,2,VmDElQKEFclDkGoUgLWYCg_2
VmDElQKEFclDkGoUgLWYCg,1,0.6,"honestly, they don't even practice what is preached there",1,0,0,0,0,3,VmDElQKEFclDkGoUgLWYCg_3
VmDElQKEFclDkGoUgLWYCg,1,0.5,the teis family is controlling and judgmental in so many ways,1,0,0,0,0,4,VmDElQKEFclDkGoUgLWYCg_4
VmDElQKEFclDkGoUgLWYCg,1,-0.125,they don't have a church budget so no one knows where the money goes and i'm not sure how much currently but i know they're in debt several million dollars if not more,1,0,0,0,1,5,VmDElQKEFclDkGoUgLWYCg_5
VmDElQKEFclDkGoUgLWYCg,1,0,they guilt-trip the congregation into giving them money,1,0,0,0,0,6,VmDElQKEFclDkGoUgLWYCg_6
VmDElQKEFclDkGoUgLWYCg,1,0.5,"many of the teachings, i believe, are using brainwashing tactics",1,0,0,0,0,7,VmDElQKEFclDkGoUgLWYCg_7
VmDElQKEFclDkGoUgLWYCg,1,0.275,"growing up there was great because i was a young, naive girl who didn't know any better",1,0,0,0,0,8,VmDElQKEFclDkGoUgLWYCg_8
VmDElQKEFclDkGoUgLWYCg,1,0.255,once i got to the high school group is when i saw true colors,1,0,0,0,0,9,VmDElQKEFclDkGoUgLWYCg_9
VmDElQKEFclDkGoUgLWYCg,1,0.042,"people talking trash about other people, pastor matt (high school leader) dissing other religions and making fun of them, and people judging me just because i went to public school",1,0,0,0,0,10,VmDElQKEFclDkGoUgLWYCg_10
VmDElQKEFclDkGoUgLWYCg,1,0.266666667,their biggest problem is that they focus too much on rules and regulations rather than the love and mercy jesus offers,1,0,0,0,1,11,VmDElQKEFclDkGoUgLWYCg_11
VmDElQKEFclDkGoUgLWYCg,1,0.05,save yourself the hurt from being stabbed in the back and guilt if you don't go to church three times a week and if you aren't dressed from your neck to your knee and run as far away as you can from this place,1,0,0,1,0,12,VmDElQKEFclDkGoUgLWYCg_12
VmDElQKEFclDkGoUgLWYCg,1,0.166666667,they focus on appearance and only what you appear to be (fake) so if you have tattoos or earrings (guys) then you best be leaving,1,0,0,0,0,13,VmDElQKEFclDkGoUgLWYCg_13
VmDElQKEFclDkGoUgLWYCg,1,0.081481481,they'll look down on you if you don't fit into their 'cookie cutter christian',1,0,0,0,0,14,VmDElQKEFclDkGoUgLWYCg_14
VmDElQKEFclDkGoUgLWYCg,1,0,"but it's not about what you look like, it's about whats in your heart",0,0,0,0,0,15,VmDElQKEFclDkGoUgLWYCg_15
VmDElQKEFclDkGoUgLWYCg,1,-0.189583333,"also, they use only king james version of the bible which is very hard to understand",1,0,0,0,1,16,VmDElQKEFclDkGoUgLWYCg_16
VmDElQKEFclDkGoUgLWYCg,1,0.077777778,"they often twist around and manipulate scripture by only using one version, making is less accurate",1,0,0,0,0,17,VmDElQKEFclDkGoUgLWYCg_17
VmDElQKEFclDkGoUgLWYCg,1,0.5,"jesus died for us not so we can judge others, but so we can love and encourage them",1,0,0,0,0,18,VmDElQKEFclDkGoUgLWYCg_18
VmDElQKEFclDkGoUgLWYCg,1,0,romans 8:1 esv,0,0,0,0,0,19,VmDElQKEFclDkGoUgLWYCg_19
VmDElQKEFclDkGoUgLWYCg,1,0,there is therefore now no condemnation for those who are in christ jesus,0,0,0,0,0,20,VmDElQKEFclDkGoUgLWYCg_20
VmDElQKEFclDkGoUgLWYCg,1,0,https://www,0,0,0,0,0,21,VmDElQKEFclDkGoUgLWYCg_21
VmDElQKEFclDkGoUgLWYCg,1,0,biblegateway,0,0,0,0,0,22,VmDElQKEFclDkGoUgLWYCg_22
VmDElQKEFclDkGoUgLWYCg,1,0,com/passage/?search=matthew+23,0,0,0,0,0,23,VmDElQKEFclDkGoUgLWYCg_23
qjGWk4HPmzUM-uyhVwBVYQ,5,0.2,i must say that adam from 24-7 really sealed the deal for me and my girlfriends,0,1,0,1,0,1,qjGWk4HPmzUM-uyhVwBVYQ_1
qjGWk4HPmzUM-uyhVwBVYQ,5,0.8,"we booked the limo, day of through a promoter and got a great deal",0,1,0,0,0,2,qjGWk4HPmzUM-uyhVwBVYQ_2
qjGWk4HPmzUM-uyhVwBVYQ,5,0.3,we had 12 (mixed group of guys and girls) people but could've easily fit 4 more,0,1,0,1,0,3,qjGWk4HPmzUM-uyhVwBVYQ_3
qjGWk4HPmzUM-uyhVwBVYQ,5,-0.1,although we requested the pink hummer limo,0,0,0,0,0,4,qjGWk4HPmzUM-uyhVwBVYQ_4
qjGWk4HPmzUM-uyhVwBVYQ,5,-0.183333333,"it was unavailable, he mentioned it would be ready the next day :( but",0,0,0,0,0,5,qjGWk4HPmzUM-uyhVwBVYQ_5
qjGWk4HPmzUM-uyhVwBVYQ,5,0.420833333,adam was super sweet and understanding and went out of his way to make sure that our nights in vegas would be memorable,0,1,0,0,0,6,qjGWk4HPmzUM-uyhVwBVYQ_6
qjGWk4HPmzUM-uyhVwBVYQ,5,0,"he offered to pick us up the next night, and drop us off at our destination, wynn/encore",0,1,0,0,0,7,qjGWk4HPmzUM-uyhVwBVYQ_7
qjGWk4HPmzUM-uyhVwBVYQ,5,0.166666667,we still paid a fraction of the price the second time around and were really thrilled to surprise my bff with the pink limo,0,1,0,0,0,8,qjGWk4HPmzUM-uyhVwBVYQ_8
qjGWk4HPmzUM-uyhVwBVYQ,5,0,thank you adam for being so accommodating!,0,1,0,0,0,9,qjGWk4HPmzUM-uyhVwBVYQ_9
qjGWk4HPmzUM-uyhVwBVYQ,5,-0.125,#NAME?,0,0,0,0,0,10,qjGWk4HPmzUM-uyhVwBVYQ_10
qjGWk4HPmzUM-uyhVwBVYQ,5,-0.4,and cannot believe that some people think poorly of adam or the company,0,1,0,0,0,11,qjGWk4HPmzUM-uyhVwBVYQ_11
qjGWk4HPmzUM-uyhVwBVYQ,5,0.6,we had a wonderful time and would recommend them 100%! thanks again,0,1,0,0,0,12,qjGWk4HPmzUM-uyhVwBVYQ_12
qjGWk4HPmzUM-uyhVwBVYQ,5,-0.033333333,"until next time! one side note: i believe they are the only company with thee pink hummer limo, because we called around beforehand",0,1,0,1,0,13,qjGWk4HPmzUM-uyhVwBVYQ_13
qjGWk4HPmzUM-uyhVwBVYQ,5,0.25,and they all said it was in the shop the first night,0,0,0,0,0,14,qjGWk4HPmzUM-uyhVwBVYQ_14
qjGWk4HPmzUM-uyhVwBVYQ,5,0.3,"therefore, book it directly unless you have the hook-up through a promoter :)",0,0,0,1,0,15,qjGWk4HPmzUM-uyhVwBVYQ_15
tdN7wZq_6Ibwl8Q8xGJs2w,1,-1,this is the worst cab company in las vegas,1,0,0,0,0,1,tdN7wZq_6Ibwl8Q8xGJs2w_1
tdN7wZq_6Ibwl8Q8xGJs2w,1,0,they will quote you an hour and if they show up it's 2 hours later,1,0,0,1,1,2,tdN7wZq_6Ibwl8Q8xGJs2w_2
tdN7wZq_6Ibwl8Q8xGJs2w,1,0,desert cab will take reservations and they actually show up on time,0,0,0,1,0,3,tdN7wZq_6Ibwl8Q8xGJs2w_3
tdN7wZq_6Ibwl8Q8xGJs2w,1,-0.025,i am a local here and don't understand why it takes so long with ace,1,0,0,0,0,4,tdN7wZq_6Ibwl8Q8xGJs2w_4
tdN7wZq_6Ibwl8Q8xGJs2w,1,0,"also, the receptionist told me the quote she gave me was just an estimate",1,0,0,0,0,5,tdN7wZq_6Ibwl8Q8xGJs2w_5
tdN7wZq_6Ibwl8Q8xGJs2w,1,0.5,so are we supposed to call 5 hours in advance to make sure we get to where we are going on time??,1,0,0,0,1,6,tdN7wZq_6Ibwl8Q8xGJs2w_6
tdN7wZq_6Ibwl8Q8xGJs2w,1,-0.520833333,ridiculous!!,1,0,0,0,0,7,tdN7wZq_6Ibwl8Q8xGJs2w_7
tdN7wZq_6Ibwl8Q8xGJs2w,1,0,the only reason they got one star is bc i had to give it to them,1,0,0,0,0,8,tdN7wZq_6Ibwl8Q8xGJs2w_8
tdN7wZq_6Ibwl8Q8xGJs2w,1,-0.375,they deserve a negative!,1,0,0,0,0,9,tdN7wZq_6Ibwl8Q8xGJs2w_9
Ug9Sy5YE0kJI2tazPKE3Qg,5,0.302777778,"driver showed up promptly for a scheduled pick-up to get us to the airport, was friendly, helpful with bags, talkative (but not too much so), and gave us an experience worthy of repeat business",0,1,0,0,0,1,Ug9Sy5YE0kJI2tazPKE3Qg_1
Ug9Sy5YE0kJI2tazPKE3Qg,5,0,"if you need a ride in the southwest part of vegas or around the strip, look no further",0,1,0,1,0,2,Ug9Sy5YE0kJI2tazPKE3Qg_2
P3T5xW0uWINLKCKX2UXgNg,5,1,this is the best church in las vegas! praise and worship is awesome,0,1,0,0,0,1,P3T5xW0uWINLKCKX2UXgNg_1
P3T5xW0uWINLKCKX2UXgNg,5,0,the present of the lord is always here!,0,1,0,0,0,2,P3T5xW0uWINLKCKX2UXgNg_2
_JjnJmFOCif2Ju19wFzEtg,1,0,they advertise a 15 minute wait for the emergency room,1,0,0,0,0,1,_JjnJmFOCif2Ju19wFzEtg_1
_JjnJmFOCif2Ju19wFzEtg,1,0,that's a total joke you get triage after 15 minutes and that's about it,1,0,0,0,0,2,_JjnJmFOCif2Ju19wFzEtg_2
_JjnJmFOCif2Ju19wFzEtg,1,0,after that i sat around in agony for about 8 hours waiting only to be told they were waiting on a urine sample that i had no idea about,1,0,0,0,1,3,_JjnJmFOCif2Ju19wFzEtg_3
_JjnJmFOCif2Ju19wFzEtg,1,0,so finally i got them the urine sample and waited around about another 2 hours,1,0,0,0,0,4,_JjnJmFOCif2Ju19wFzEtg_4
_JjnJmFOCif2Ju19wFzEtg,1,0.3,they took an x-ray and told me there was no broken bones and sent me on my way to follow up with a primary care physician,0,0,0,0,0,5,_JjnJmFOCif2Ju19wFzEtg_5
_JjnJmFOCif2Ju19wFzEtg,1,-0.166666667,"one star but it's typical hospital/doctor ""stuff""",0,0,1,0,0,6,_JjnJmFOCif2Ju19wFzEtg_6
_JjnJmFOCif2Ju19wFzEtg,1,0.285714286,don't ever go there with the intention of getting looked at and out right away even if they do advertise 15 minutes,1,0,0,1,1,7,_JjnJmFOCif2Ju19wFzEtg_7
_JjnJmFOCif2Ju19wFzEtg,1,0,it's a crock! just a scam to draw in business,1,0,0,0,0,8,_JjnJmFOCif2Ju19wFzEtg_8
_JjnJmFOCif2Ju19wFzEtg,1,0,totally unethical practice for any business let alone a hospital,1,0,0,0,1,9,_JjnJmFOCif2Ju19wFzEtg_9
_JjnJmFOCif2Ju19wFzEtg,1,-0.545833333,hard to believe a hospital is using crap business practice to draw in 'customers',1,0,0,0,1,10,_JjnJmFOCif2Ju19wFzEtg_10
_JjnJmFOCif2Ju19wFzEtg,1,0.233333333,only good thing is the cafeteria that is open until 2 am,0,1,0,0,0,11,_JjnJmFOCif2Ju19wFzEtg_11
_JjnJmFOCif2Ju19wFzEtg,1,0.25,but they sure as heck aren't getting extra stars for that,1,0,0,0,0,12,_JjnJmFOCif2Ju19wFzEtg_12
q2Za8YUl3d8tRfz_uQU6Pg,5,0.8,i was here on the 10th of january for a routine procedure and my admitting nurse and recovery nurse were great,0,1,0,0,0,1,q2Za8YUl3d8tRfz_uQU6Pg_1
q2Za8YUl3d8tRfz_uQU6Pg,5,0.2,thanks susan and maureen,0,1,0,0,0,2,q2Za8YUl3d8tRfz_uQU6Pg_2
9uaXGnqYUvll_Z7ZyWN-gw,2,-0.05,"omg, what is up with this company? i saw a blood drive sign at work and said to myself ""why not? it's been a long time",1,0,0,0,0,1,9uaXGnqYUvll_Z7ZyWN-gw_1
9uaXGnqYUvll_Z7ZyWN-gw,2,0,""" what in the hell did i get myself into?",1,0,0,0,0,2,9uaXGnqYUvll_Z7ZyWN-gw_2
9uaXGnqYUvll_Z7ZyWN-gw,2,0,"at the drive, they couldn't get my blood pressure and i was told by law they could only try twice",1,0,0,0,0,3,9uaXGnqYUvll_Z7ZyWN-gw_3
9uaXGnqYUvll_Z7ZyWN-gw,2,0.25,okay no problem i'll try again the next day,0,0,0,0,0,4,9uaXGnqYUvll_Z7ZyWN-gw_4
9uaXGnqYUvll_Z7ZyWN-gw,2,0,"went in as a walk in, same thing, couldn't get my pressure",1,0,0,0,1,5,9uaXGnqYUvll_Z7ZyWN-gw_5
9uaXGnqYUvll_Z7ZyWN-gw,2,0,well i guess the two try rule went out the window as they checked my arm over and over again,0,0,0,0,0,6,9uaXGnqYUvll_Z7ZyWN-gw_6
9uaXGnqYUvll_Z7ZyWN-gw,2,0.05,i even took my shirt off so they could try bare skin,0,0,0,0,0,7,9uaXGnqYUvll_Z7ZyWN-gw_7
9uaXGnqYUvll_Z7ZyWN-gw,2,0,they left scratches and bruises on my arm then finally gave up,1,0,0,0,0,8,9uaXGnqYUvll_Z7ZyWN-gw_8
9uaXGnqYUvll_Z7ZyWN-gw,2,0.2,i made an appointment for the next available day,0,0,0,0,0,9,9uaXGnqYUvll_Z7ZyWN-gw_9
9uaXGnqYUvll_Z7ZyWN-gw,2,-0.5,(i guess i was feeling guilty for not having a heartbeat,0,0,0,0,0,10,9uaXGnqYUvll_Z7ZyWN-gw_10
9uaXGnqYUvll_Z7ZyWN-gw,2,0,) i got two e-mail reminders and a phone call to let me know i had an appointment,1,0,0,0,1,11,9uaXGnqYUvll_Z7ZyWN-gw_11
9uaXGnqYUvll_Z7ZyWN-gw,2,0,(it was only one day apart,1,0,0,0,1,12,9uaXGnqYUvll_Z7ZyWN-gw_12
9uaXGnqYUvll_Z7ZyWN-gw,2,0.25,) the lady that interviewed me took my blood pressure on my lower arm and got it on the first try,0,1,0,0,0,13,9uaXGnqYUvll_Z7ZyWN-gw_13
9uaXGnqYUvll_Z7ZyWN-gw,2,0.175,they really pushed the double red cell donation and i said it would be okay,0,0,0,1,0,14,9uaXGnqYUvll_Z7ZyWN-gw_14
9uaXGnqYUvll_Z7ZyWN-gw,2,-0.4,"it made me feel like crap all the next day, all i did was sleep",1,0,0,1,0,15,9uaXGnqYUvll_Z7ZyWN-gw_15
9uaXGnqYUvll_Z7ZyWN-gw,2,0,the next day i get a call asking why i missed my appointment,1,0,0,0,1,16,9uaXGnqYUvll_Z7ZyWN-gw_16
9uaXGnqYUvll_Z7ZyWN-gw,2,0,"now they are calling me again, two days later",1,0,0,0,1,17,9uaXGnqYUvll_Z7ZyWN-gw_17
9uaXGnqYUvll_Z7ZyWN-gw,2,0,they got their damn blood and i feel like i'm being stalked,1,0,0,0,1,18,9uaXGnqYUvll_Z7ZyWN-gw_18
9uaXGnqYUvll_Z7ZyWN-gw,2,0.25,now i'm getting a reminder of why i stopped giving in the first place,1,0,0,0,1,19,9uaXGnqYUvll_Z7ZyWN-gw_19
9uaXGnqYUvll_Z7ZyWN-gw,2,0,"now, if your a blood donor please keep donating, but for me i think i'm done",1,0,0,1,0,20,9uaXGnqYUvll_Z7ZyWN-gw_20
_0aIuS6G8dFmZ8ao5zYkoA,4,0.741666667,"if you are looking for a place of worship on the north side of las vegas, this is a great place to come!! they have a place for your children while you enjoy the worship and receive the word of god!! the youth have their own services on sunday nights",0,1,0,1,0,1,_0aIuS6G8dFmZ8ao5zYkoA_1
_0aIuS6G8dFmZ8ao5zYkoA,4,0.8,it's a great place for them too,0,1,0,0,0,2,_0aIuS6G8dFmZ8ao5zYkoA_2
I85pw9M-h-IAyE48EQ855g,5,-0.05,my spiritual meter sometimes runs on empty,0,0,0,0,0,1,I85pw9M-h-IAyE48EQ855g_1
I85pw9M-h-IAyE48EQ855g,5,0,but because i have now joined the rcia at pop,0,0,0,0,0,2,I85pw9M-h-IAyE48EQ855g_2
I85pw9M-h-IAyE48EQ855g,5,0.425,i am always on a full tank (wink most of the time),0,1,0,0,0,3,I85pw9M-h-IAyE48EQ855g_3
I85pw9M-h-IAyE48EQ855g,5,0,father cruz & father tom along with deacon jim are so compassionate and welcoming,0,1,0,0,0,4,I85pw9M-h-IAyE48EQ855g_4
I85pw9M-h-IAyE48EQ855g,5,1,deacon has a wonderful sense of humor you will never forget!,0,1,0,0,0,5,I85pw9M-h-IAyE48EQ855g_5
I85pw9M-h-IAyE48EQ855g,5,0,sunday mass is at 10am and the youth mass is at 5pm,0,0,0,0,0,6,I85pw9M-h-IAyE48EQ855g_6
I85pw9M-h-IAyE48EQ855g,5,0,they also have a spanish and daily service,0,0,0,0,0,7,I85pw9M-h-IAyE48EQ855g_7
I85pw9M-h-IAyE48EQ855g,5,0.5,just call them for more details,0,0,0,1,0,8,I85pw9M-h-IAyE48EQ855g_8
I85pw9M-h-IAyE48EQ855g,5,0.85,"the church itself has beautiful stained glass windows that catches the attention of my kids when they should be listening the ""word""",0,1,0,0,0,9,I85pw9M-h-IAyE48EQ855g_9
I85pw9M-h-IAyE48EQ855g,5,0.375,they also have a small chapel with a wonderful statue of jesus laying in the tomb with a crown of thorns * a must see*,0,1,0,1,0,10,I85pw9M-h-IAyE48EQ855g_10
I85pw9M-h-IAyE48EQ855g,5,0,i do hope you find the time to visit or have the pleasure of attending a service,0,1,0,1,0,11,I85pw9M-h-IAyE48EQ855g_11
Ddnjy3ST759o-htPVBlH2Q,5,0.2,"desert spring united methodist church is a very inviting, home comfort type of church",0,1,0,0,0,1,Ddnjy3ST759o-htPVBlH2Q_1
Ddnjy3ST759o-htPVBlH2Q,5,0.5,i have attended many times and always love seeing the people,0,1,0,0,0,2,Ddnjy3ST759o-htPVBlH2Q_2
So32N7bSbUd1RwhFtI6jTQ,4,0,"being the book nerd that i am , the public library has always been a sanctuary for me",0,1,0,0,0,1,So32N7bSbUd1RwhFtI6jTQ_1
So32N7bSbUd1RwhFtI6jTQ,4,0.357142857,the southside library will always have a special place in my heart,0,1,0,0,0,2,So32N7bSbUd1RwhFtI6jTQ_2
So32N7bSbUd1RwhFtI6jTQ,4,0.483333333,it was here that i took my first computer classes lol it now feels likes light years ago,0,1,0,0,0,3,So32N7bSbUd1RwhFtI6jTQ_3
So32N7bSbUd1RwhFtI6jTQ,4,0.041666667,"this particular library is one of the smaller libraries in pittsburgh and when i last visited it , the building lacked central air",1,0,0,0,0,4,So32N7bSbUd1RwhFtI6jTQ_4
So32N7bSbUd1RwhFtI6jTQ,4,0.55,but it what it didn't have in amenities it more then made up in architectural character and kind librarians,0,1,0,0,0,5,So32N7bSbUd1RwhFtI6jTQ_5
_A840qMxhwGXEFaKYOPU_Q,5,0.266666667,you simply can't beat the view of pittsburgh's golden triangle (city skyline where the three rivers meet) from the observation platform at the top of mt,0,1,0,1,0,1,_A840qMxhwGXEFaKYOPU_Q_1
_A840qMxhwGXEFaKYOPU_Q,5,1,washington and the best way to get there is the duquesne incline,0,0,0,1,0,2,_A840qMxhwGXEFaKYOPU_Q_2
_A840qMxhwGXEFaKYOPU_Q,5,0.05,park for free at the station near the base of the incline across from west carson street (a hop skip and jump from station square and the monongahela incline) and enjoy a slow cruise to the top of mt,0,1,0,1,0,3,_A840qMxhwGXEFaKYOPU_Q_3
_A840qMxhwGXEFaKYOPU_Q,5,0,washington,0,0,0,0,0,4,_A840qMxhwGXEFaKYOPU_Q_4
_A840qMxhwGXEFaKYOPU_Q,5,0.5,"you'll be able to see the northshore stadiums, point state park, many of the bridges downtown is known for, and more",0,1,0,0,0,5,_A840qMxhwGXEFaKYOPU_Q_5
_A840qMxhwGXEFaKYOPU_Q,5,0.352380952,"if you can make it there on a warm, clear night with someone special to canoodle with, by all means do so",0,0,0,1,0,6,_A840qMxhwGXEFaKYOPU_Q_6
_A840qMxhwGXEFaKYOPU_Q,5,0.4,plenty of romantic dining in the immediate area with spectacular views of their own,0,1,0,0,0,7,_A840qMxhwGXEFaKYOPU_Q_7
_A840qMxhwGXEFaKYOPU_Q,5,0,*swoon*,0,1,0,0,0,8,_A840qMxhwGXEFaKYOPU_Q_8
b6xBiEt5iQ_HZ41Qh_ZNIA,5,0.208333333,its a classic pittsburgh institution! go up to mt,0,1,0,1,0,1,b6xBiEt5iQ_HZ41Qh_ZNIA_1
b6xBiEt5iQ_HZ41Qh_ZNIA,5,0.261342593,"washington, take pictures of yourself on an overlook and then take the incline down to station square! it gives you an excellent view of the city and you can see how pretty the skyline really is!! its cheap, about 5 bucks and the cars can sit a few people at a time",0,1,0,1,0,2,b6xBiEt5iQ_HZ41Qh_ZNIA_2
T8b7wARakqSGC2TQhFMW-A,4,0,too highlights and lowlights,0,0,0,0,0,1,T8b7wARakqSGC2TQhFMW-A_1
T8b7wARakqSGC2TQhFMW-A,4,0.1,1) cheap! only $5 per person round trip,0,1,0,0,0,2,T8b7wARakqSGC2TQhFMW-A_2
T8b7wARakqSGC2TQhFMW-A,4,0.65,2) great views from the top,0,1,0,0,0,3,T8b7wARakqSGC2TQhFMW-A_3
T8b7wARakqSGC2TQhFMW-A,4,0.4875,3) service wasn't very friendly,1,0,0,0,0,4,T8b7wARakqSGC2TQhFMW-A_4
T8b7wARakqSGC2TQhFMW-A,4,0,a co-worker and i decided to take a trip on the incline while on a business trip in pittsburgh,0,0,0,0,0,5,T8b7wARakqSGC2TQhFMW-A_5
T8b7wARakqSGC2TQhFMW-A,4,0.2,the incline is about a 3 minute drive from downtown so very convenient if you are staying in the area,0,1,0,1,0,6,T8b7wARakqSGC2TQhFMW-A_6
T8b7wARakqSGC2TQhFMW-A,4,0.041666667,"you have to pay to park, but it's not super pricy - $2 for the first hour and $1 per hour after that",0,0,0,1,0,7,T8b7wARakqSGC2TQhFMW-A_7
T8b7wARakqSGC2TQhFMW-A,4,-0.133333333,the incline round trip ride is $5 per person round trip and they only take cash!!,1,0,0,1,0,8,T8b7wARakqSGC2TQhFMW-A_8
T8b7wARakqSGC2TQhFMW-A,4,0.1,the service wasn't very friendly and the attendants seemed a little annoyed that the visitors (mostly tourists) didn't know what they were doing,1,0,0,0,0,9,T8b7wARakqSGC2TQhFMW-A_9
T8b7wARakqSGC2TQhFMW-A,4,0.383333333,"however, the service is totally worth bearing through as the views from the top are incredible! there is plenty of room for photo ops outside, and some historical info about the incline in the entry building at the top",0,1,0,0,0,10,T8b7wARakqSGC2TQhFMW-A_10
T8b7wARakqSGC2TQhFMW-A,4,0.15,there are a few restaurants nearby at the top as well,0,1,0,0,0,11,T8b7wARakqSGC2TQhFMW-A_11
T8b7wARakqSGC2TQhFMW-A,4,0.208333333,"we had lunch up there and the views were stunning! overall, definitely a bucket list item for anyone who lives in or is visiting the pittsburgh area",0,1,0,1,0,12,T8b7wARakqSGC2TQhFMW-A_12
Wv6rrL-XNDONTfi8fg1nhA,5,0.733333333,just beautiful! awesome view of the city and river! i highly recommend if you visit pittsburg!,0,1,0,1,0,1,Wv6rrL-XNDONTfi8fg1nhA_1
iiynG_9YN2cOInDrMlVF4g,5,0.35,"the interior of this building is gorgeous and in the modern style, and i swear that upstairs where the media borrowing center is looks like a barnes and noble",0,1,0,0,0,1,iiynG_9YN2cOInDrMlVF4g_1
iiynG_9YN2cOInDrMlVF4g,5,-0.1,"in addition to a wide selection of books and sitting areas, carnegie lends out dvds and cds",0,1,0,0,0,2,iiynG_9YN2cOInDrMlVF4g_2
iiynG_9YN2cOInDrMlVF4g,5,0.433333333,i was really pleased at the great balance between mainstream movies and indie documentaries,0,1,0,0,0,3,iiynG_9YN2cOInDrMlVF4g_3
iiynG_9YN2cOInDrMlVF4g,5,0,borrowed a stack of cds too for burning at home,0,0,0,0,0,4,iiynG_9YN2cOInDrMlVF4g_4
iiynG_9YN2cOInDrMlVF4g,5,0.8,"a great place to spend the weekend, and i recommend bringing visitors to pittsburgh here as well",0,1,0,1,0,5,iiynG_9YN2cOInDrMlVF4g_5
WzaaorVCmUTQvu4mScunNg,5,0,i've been volunteering & hanging with the cats recently,0,0,0,0,0,1,WzaaorVCmUTQvu4mScunNg_1
WzaaorVCmUTQvu4mScunNg,5,0.625,the staff is so friendly & they want the best for all of these precious animals,0,1,0,0,0,2,WzaaorVCmUTQvu4mScunNg_2
WzaaorVCmUTQvu4mScunNg,5,0.333333333,"the cages are always clean and always have fresh food, water, treats, a blanket, & toys",0,1,0,0,0,3,WzaaorVCmUTQvu4mScunNg_3
WzaaorVCmUTQvu4mScunNg,5,0.7,this is a great company :) i'm so happy to volunteer and spend time with the kitties,0,1,0,0,0,4,WzaaorVCmUTQvu4mScunNg_4
TYdOKKLtA7LITxV7Y2_wjA,5,0,"b-b-b-bird, bird, bird, b-bird's the word at pittsburgh's national aviary! wandering through recreated habitats as melba finche flit, american flamingo eye suspiciously, and laughing kookaburra titter incessantly will make you feel like a kid again",0,1,0,0,0,1,TYdOKKLtA7LITxV7Y2_wjA_1
TYdOKKLtA7LITxV7Y2_wjA,5,-0.1,"the bald eagle strut, the andean condor spreads its impossibly wide wings, and the penguins waddle",0,1,0,0,0,2,TYdOKKLtA7LITxV7Y2_wjA_2
TYdOKKLtA7LITxV7Y2_wjA,5,0.25,"after a trip to belize a few years ago where brightly colored birds like toucans and honeycreepers abounded, husband's ornithological curiosity was piqued",0,0,0,0,0,3,TYdOKKLtA7LITxV7Y2_wjA_3
TYdOKKLtA7LITxV7Y2_wjA,5,0.175,"he's slowly been teaching himself -- and me, as a result -- more and more about bird identification, so i wanted to surprise him with a visit to the national aviary on our last trip to pittsburgh",0,0,0,0,0,4,TYdOKKLtA7LITxV7Y2_wjA_4
TYdOKKLtA7LITxV7Y2_wjA,5,0.18422619,"the concept of zoos sometimes makes me sad, so i was wary about what i'd find at the aviary; shouldn't birds be able to spread their wings and roam?!? the national aviary does its best to preserve the highest quality of life possible for its avian friends, however, complete with a bird hospital (where everyday citizens can bring injured birds they find to receive treatment right alongside the aviary's permanent residents) and huge rooms mocked-up to look like natural habitats where many birds remain uncaged and free",0,1,0,0,0,5,TYdOKKLtA7LITxV7Y2_wjA_5
TYdOKKLtA7LITxV7Y2_wjA,5,0.22,"many of the species found here are threatened, endangered, or even extinct in the wild as well, making the aviary's ""collection"" all the more important",0,1,0,0,0,6,TYdOKKLtA7LITxV7Y2_wjA_6
TYdOKKLtA7LITxV7Y2_wjA,5,0.7,we *loved* our time at the aviary,0,1,0,0,0,7,TYdOKKLtA7LITxV7Y2_wjA_7
TYdOKKLtA7LITxV7Y2_wjA,5,0.0625,my personal favorite portion of our visit was the grasslands and savannah habitat with all its various tiny little finch chirping and bouncing through flight,0,1,0,1,0,8,TYdOKKLtA7LITxV7Y2_wjA_8
TYdOKKLtA7LITxV7Y2_wjA,5,0.318181818,"incidentally, husband's favorite portion of our visit -- the endangered, rainbow-patterned gouldian finch of australia -- also live in the grasslands exhibit",0,1,0,0,0,9,TYdOKKLtA7LITxV7Y2_wjA_9
TYdOKKLtA7LITxV7Y2_wjA,5,-0.3,my one complaint about the aviary is the lack of info placards,1,0,0,0,1,10,TYdOKKLtA7LITxV7Y2_wjA_10
TYdOKKLtA7LITxV7Y2_wjA,5,0.318181818,"what am i looking at? where do they live? what do they eat? maybe i'm just an information nerd, but i was thirsting for more knowledge on our visit",1,0,0,0,1,11,TYdOKKLtA7LITxV7Y2_wjA_11
TYdOKKLtA7LITxV7Y2_wjA,5,0,"pop by the bird-themed gift shop before you head out, too",0,1,0,1,0,12,TYdOKKLtA7LITxV7Y2_wjA_12
TYdOKKLtA7LITxV7Y2_wjA,5,0.6,"i love me a good gift shop, and this one provided some laughs",0,1,0,0,0,13,TYdOKKLtA7LITxV7Y2_wjA_13
TYdOKKLtA7LITxV7Y2_wjA,5,0,papa-oom-oom-oom-oom-ooma-mow-mow,0,0,0,0,0,14,TYdOKKLtA7LITxV7Y2_wjA_14
TYdOKKLtA7LITxV7Y2_wjA,5,0,oom-oom-oom-oom-ooma-mow-mow!,0,0,0,0,0,15,TYdOKKLtA7LITxV7Y2_wjA_15
